"name","type","n","missing","unique","mean","median","mode","mode_value","sd","v","min","max","range","skew","skew_2se","kurt","kurt_2se","category","description"
"Weekschildbirth_8wPP","numeric",2401,0.16195462478185,81,9.29358005592908,8.71428571428571,8.71428571428571,NA,3.28124561679817,NA,1.28571428571429,42,40.7142857142857,7.4740550710535,74.8027955916264,64.7584602230289,324.196507634546,NA,NA
"Delivery_8wPP","factor",2401,0.16195462478185,4,NA,NA,1116,"Spontaneous",NA,0.633394283688197,NA,NA,NA,NA,NA,NA,NA,NA,NA
"Episiotomy_8wPP","factor",2320,0.19022687609075,3,NA,NA,1824,"No",NA,0.336171224732461,NA,NA,NA,NA,NA,NA,NA,NA,NA
"Rupture_8wPP","factor",2321,0.189877835951134,3,NA,NA,1293,"Yes",NA,0.493482043296125,NA,NA,NA,NA,NA,NA,NA,NA,NA
"Durationdilated_8wPP","numeric",2210,0.228621291448517,155,8.02621417797888,5.5,5.5,NA,8.63176770528507,NA,0,151,151,4.52401854229847,43.4419562030175,45.79281921277,219.96226628662,NA,NA
"Durationpush_8wPP","numeric",2206,0.230017452006981,113,30.7655167724388,18,18,NA,35.3771622770384,NA,0,480,480,2.50348088844517,24.0179771958677,14.2907522315767,68.5825135781268,NA,NA
"Spinalpuncture_8wPP","factor",2394,0.164397905759162,4,NA,NA,1297,"No",NA,0.541541475521162,NA,NA,NA,NA,NA,NA,NA,NA,NA
"Painkiller_8wPP","factor",2397,0.163350785340314,3,NA,NA,2021,"No",NA,0.264513648596694,NA,NA,NA,NA,NA,NA,NA,NA,NA
"Planneddeliv_8wPP","factor",2402,0.161605584642234,3,NA,NA,1474,"Yes",NA,0.474164951355414,NA,NA,NA,NA,NA,NA,NA,NA,NA
"Complaintspreg_8wPP","factor",2383,0.168237347294939,3,NA,NA,1817,"No",NA,0.362204022794698,NA,NA,NA,NA,NA,NA,NA,NA,NA
"Illness_8wPP","factor",2383,0.168237347294939,3,NA,NA,1623,"No",NA,0.4344242130534,NA,NA,NA,NA,NA,NA,NA,NA,NA
"Checkup_8wPP","factor",2383,0.168237347294939,3,NA,NA,1953,"Yes",NA,0.295768970619803,NA,NA,NA,NA,NA,NA,NA,NA,NA
"Sexdetermination_12","factor",2764,0.0352530541012216,5,NA,NA,2234,"Yes",NA,0.327249670667524,NA,NA,NA,NA,NA,NA,NA,NA,NA
"Sexpreference_12","factor",2764,0.0352530541012216,4,NA,NA,2231,"No preference",NA,0.32686876545873,NA,NA,NA,NA,NA,NA,NA,NA,NA
"Pregnancyloss_12","factor",2764,0.0352530541012216,3,NA,NA,2000,"No",NA,0.400015916863708,NA,NA,NA,NA,NA,NA,NA,NA,NA
"Prevdelivery_12","factor",2759,0.0369982547993019,3,NA,NA,1441,"No",NA,0.499006250721715,NA,NA,NA,NA,NA,NA,NA,NA,NA
"Samepartner_12","factor",1317,0.540314136125654,3,NA,NA,1548,NA,NA,0.068827187719265,NA,NA,NA,NA,NA,NA,NA,NA,NA
"Recentmiscarriage_12","factor",1317,0.540314136125654,3,NA,NA,1548,NA,NA,0.31319426067274,NA,NA,NA,NA,NA,NA,NA,NA,NA
"Problemsprevpreg_diabetes_12","factor",975,0.659685863874346,3,NA,NA,1890,NA,NA,0.126220118343195,NA,NA,NA,NA,NA,NA,NA,NA,NA
"Problemsprevpreg_hypertension_12","factor",1000,0.650959860383944,3,NA,NA,1865,NA,NA,0.165438,NA,NA,NA,NA,NA,NA,NA,NA,NA
"Problemsprevpreg_preeclampsia_12","factor",955,0.666666666666667,3,NA,NA,1910,NA,NA,0.0916948548559524,NA,NA,NA,NA,NA,NA,NA,NA,NA
"Problemsprevpreg_prematuredelivery_12","factor",982,0.657242582897033,3,NA,NA,1883,NA,NA,0.151361990368382,NA,NA,NA,NA,NA,NA,NA,NA,NA
"Problemsprevpreg_other_12","factor",1217,0.57521815008726,3,NA,NA,1648,NA,NA,0.386826179925717,NA,NA,NA,NA,NA,NA,NA,NA,NA
"Problemsprevdeliv_12","factor",2762,0.0359511343804538,4,NA,NA,1416,"N/A",NA,0.614392020390518,NA,NA,NA,NA,NA,NA,NA,NA,NA
"Plannedpreg_12","factor",2762,0.0359511343804538,3,NA,NA,2533,"Yes",NA,0.152073422222875,NA,NA,NA,NA,NA,NA,NA,NA,NA
"Locationdelivery_12","factor",2762,0.0359511343804538,4,NA,NA,2167,"Hospital",NA,0.36107884966188,NA,NA,NA,NA,NA,NA,NA,NA,NA
"Problemspreg_12","factor",2762,0.0359511343804538,3,NA,NA,2448,"No",NA,0.201522577275857,NA,NA,NA,NA,NA,NA,NA,NA,NA
"Problemspreg_20","factor",2497,0.128446771378709,3,NA,NA,2220,"No",NA,0.197253925375248,NA,NA,NA,NA,NA,NA,NA,NA,NA
"Problemspreg_28","factor",2358,0.17696335078534,3,NA,NA,1957,"No",NA,0.28227836445112,NA,NA,NA,NA,NA,NA,NA,NA,NA
"Problemspreg_8wPP","factor",2424,0.153926701570681,3,NA,NA,1805,"No",NA,0.380305511986842,NA,NA,NA,NA,NA,NA,NA,NA,NA
"Painmanagement_12","factor",2762,0.0359511343804538,3,NA,NA,2065,"No",NA,0.377342290451619,NA,NA,NA,NA,NA,NA,NA,NA,NA
"Painmanagementencoding_8wPP","factor",1004,0.64956369982548,3,NA,NA,1861,NA,NA,0.496825447215124,NA,NA,NA,NA,NA,NA,NA,NA,NA
"Gynaecologist_20","factor",2498,0.128097731239092,3,NA,NA,2051,"No",NA,0.29384500394551,NA,NA,NA,NA,NA,NA,NA,NA,NA
"Gynaecologist_28","factor",2359,0.176614310645724,3,NA,NA,2033,"No",NA,0.238193053903579,NA,NA,NA,NA,NA,NA,NA,NA,NA
"Gynaecologist_8wPP","factor",2403,0.161256544502618,3,NA,NA,1518,"No",NA,0.465304761058664,NA,NA,NA,NA,NA,NA,NA,NA,NA
"Age_12","numeric",2768,0.0338568935427574,28,31.3139450867052,31,31,NA,3.67018391760312,NA,18,45,27,0.163623532582214,1.75815981730797,0.0369559911215744,0.198620416810553,NA,NA
"Education_12","ordered, factor",2765,0.0349040139616056,6,NA,NA,2011,"University",NA,0.422017926221923,NA,NA,NA,NA,NA,NA,NA,NA,NA
"Genderpartner_12","factor",2682,0.0638743455497382,3,NA,NA,2624,"Male",NA,0.0423159673043312,NA,NA,NA,NA,NA,NA,NA,NA,NA
"Height_12","numeric",2761,0.0363001745200698,45,169.091995653749,169,169,NA,6.57230225428808,NA,139,192,53,0.0118509420441127,0.127179237178937,0.154113647877358,0.827239544539658,NA,NA
"Maritalstatus_12","factor",2768,0.0338568935427574,3,NA,NA,2682,"Relationship",NA,0.0602081175448561,NA,NA,NA,NA,NA,NA,NA,NA,NA
"Maritalstatus_6mPP","factor",1440,0.49738219895288,3,NA,NA,1425,NA,NA,0.0407986111111112,NA,NA,NA,NA,NA,NA,NA,NA,NA
"Maritalstatus_1yPP","factor",1199,0.581500872600349,3,NA,NA,1666,NA,NA,0.0376293561287171,NA,NA,NA,NA,NA,NA,NA,NA,NA
"Maritalstatus_1y6mPP","factor",1198,0.581849912739965,3,NA,NA,1667,NA,NA,0.0488292953475604,NA,NA,NA,NA,NA,NA,NA,NA,NA
"Maritalstatus_2yPP","factor",1144,0.600698080279232,3,NA,NA,1721,NA,NA,0.0477529463543449,NA,NA,NA,NA,NA,NA,NA,NA,NA
"Maritalstatus_2y6mPP","factor",985,0.656195462478185,3,NA,NA,1880,NA,NA,0.0628637687134428,NA,NA,NA,NA,NA,NA,NA,NA,NA
"Maritalstatus_3yPP","factor",780,0.727748691099476,3,NA,NA,2085,NA,NA,0.0596449704142012,NA,NA,NA,NA,NA,NA,NA,NA,NA
"Maritalstatus_3y6mPP","factor",570,0.801047120418848,3,NA,NA,2295,NA,NA,0.0578701138811941,NA,NA,NA,NA,NA,NA,NA,NA,NA
"Maritalstatus_4yPP","factor",375,0.869109947643979,3,NA,NA,2490,NA,NA,0.0768,NA,NA,NA,NA,NA,NA,NA,NA,NA
"Maritalstatus_4y6mPP","factor",294,0.89738219895288,3,NA,NA,2571,NA,NA,0.0657133601740016,NA,NA,NA,NA,NA,NA,NA,NA,NA
"Partner_20","factor",2494,0.129493891797557,3,NA,NA,2453,"Yes",NA,0.0323383980414262,NA,NA,NA,NA,NA,NA,NA,NA,NA
"Partner_28","factor",2344,0.181849912739965,3,NA,NA,2305,"Yes",NA,0.0327227894326083,NA,NA,NA,NA,NA,NA,NA,NA,NA
"Partner_8wPP","factor",2347,0.180802792321117,3,NA,NA,2314,"Yes",NA,0.0277256100627241,NA,NA,NA,NA,NA,NA,NA,NA,NA
"Population_12","factor",2764,0.0352530541012216,3,NA,NA,2412,"Dutch",NA,0.222266435732521,NA,NA,NA,NA,NA,NA,NA,NA,NA
"Weight_numeric_8wPP","numeric",2238,0.218848167539267,233,73.266599642538,71,71,NA,13.5974147340199,NA,43,136,93,1.01054528602448,9.76497197422855,1.39180176308055,6.72753504857453,NA,NA
"Weightpreg_20","numeric",2303,0.196160558464223,396,73.344693877551,71,71,NA,13.401524385186,NA,40,143,103,1.13498388692298,11.125349028448,1.96562988898619,9.63792680166034,NA,NA
"Weightpreg_28","numeric",2188,0.23630017452007,388,77.3861517367459,75,75,NA,13.3862066332541,NA,44.9,170,125.1,1.16220679430784,11.1044968995277,2.5628764074375,12.2492897821493,NA,NA
"Weightprepreg_12","numeric",2751,0.0397905759162304,201,69.6011268629589,67,67,NA,13.7218369629875,NA,40,147,107,1.33541825517224,14.3051889463152,2.75979724072513,14.7870274556656,NA,NA
"Kidsathome_8wPP","integer",2291,0.200349040139616,8,1.59144478393715,1,1,NA,0.84305338110401,NA,0,21,21,5.88099787495677,57.4965816919609,121.871317946919,596.00708073677,NA,NA
"BFI_2S_2_28","ordered, factor",2335,0.18499127399651,6,NA,NA,1371,"Agree",NA,0.524792355414533,NA,NA,NA,NA,NA,NA,NA,NA,NA
"BFI_2S_4_28","ordered, factor",2335,0.18499127399651,6,NA,NA,712,"Disagree",NA,0.742032106158495,NA,NA,NA,NA,NA,NA,NA,NA,NA
"BFI_2S_5_28","ordered, factor",2335,0.18499127399651,6,NA,NA,669,"Disagree",NA,0.76837878113981,NA,NA,NA,NA,NA,NA,NA,NA,NA
"BFI_2S_6_28","ordered, factor",2335,0.18499127399651,6,NA,NA,801,"Agree",NA,0.717635093929543,NA,NA,NA,NA,NA,NA,NA,NA,NA
"BFI_2S_9_28","ordered, factor",2335,0.18499127399651,6,NA,NA,955,"Disagree",NA,0.688307250709573,NA,NA,NA,NA,NA,NA,NA,NA,NA
"BFI_2S_11_28","ordered, factor",2335,0.18499127399651,6,NA,NA,1317,"Agree",NA,0.608635557043225,NA,NA,NA,NA,NA,NA,NA,NA,NA
"BFI_2S_12_28","ordered, factor",2335,0.18499127399651,6,NA,NA,1375,"Agree",NA,0.585066830514148,NA,NA,NA,NA,NA,NA,NA,NA,NA
"BFI_2S_13_28","ordered, factor",2335,0.18499127399651,6,NA,NA,1584,"Agree",NA,0.469127007781227,NA,NA,NA,NA,NA,NA,NA,NA,NA
"BFI_2S_15_28","ordered, factor",2335,0.18499127399651,6,NA,NA,1074,"Agree",NA,0.651812058379836,NA,NA,NA,NA,NA,NA,NA,NA,NA
"BFI_2S_16_28","ordered, factor",2335,0.18499127399651,6,NA,NA,1274,"Agree",NA,0.614047659441788,NA,NA,NA,NA,NA,NA,NA,NA,NA
"BFI_2S_18_28","ordered, factor",2335,0.18499127399651,6,NA,NA,1187,"Agree",NA,0.650078454209062,NA,NA,NA,NA,NA,NA,NA,NA,NA
"BFI_2S_22_28","ordered, factor",2335,0.18499127399651,6,NA,NA,1312,"Agree",NA,0.504347857984584,NA,NA,NA,NA,NA,NA,NA,NA,NA
"BFI_2S_23_28","ordered, factor",2335,0.18499127399651,6,NA,NA,1375,"Agree",NA,0.561052781204004,NA,NA,NA,NA,NA,NA,NA,NA,NA
"BFI_2S_25_28","ordered, factor",2335,0.18499127399651,6,NA,NA,1134,"Agree",NA,0.663796523437679,NA,NA,NA,NA,NA,NA,NA,NA,NA
"BFI_2S_29_28","ordered, factor",2335,0.18499127399651,6,NA,NA,995,"Disagree",NA,0.709390386493588,NA,NA,NA,NA,NA,NA,NA,NA,NA
"BFI_2S_1_28","ordered, factor",2335,0.18499127399651,6,NA,NA,972,"Disagree",NA,0.716662280078317,NA,NA,NA,NA,NA,NA,NA,NA,NA
"BFI_2S_3_28","ordered, factor",2335,0.18499127399651,6,NA,NA,948,"Disagree",NA,0.725838717220951,NA,NA,NA,NA,NA,NA,NA,NA,NA
"BFI_2S_7_28","ordered, factor",2335,0.18499127399651,6,NA,NA,1082,"Disagree",NA,0.657725240612777,NA,NA,NA,NA,NA,NA,NA,NA,NA
"BFI_2S_8_28","ordered, factor",2335,0.18499127399651,6,NA,NA,1124,"Disagree",NA,0.680695679286897,NA,NA,NA,NA,NA,NA,NA,NA,NA
"BFI_2S_10_28","ordered, factor",2335,0.18499127399651,6,NA,NA,836,"Neither disagree nor agree",NA,0.707936668057536,NA,NA,NA,NA,NA,NA,NA,NA,NA
"BFI_2S_14_28","ordered, factor",2335,0.18499127399651,6,NA,NA,1183,"Agree",NA,0.656329846989073,NA,NA,NA,NA,NA,NA,NA,NA,NA
"BFI_2S_17_28","ordered, factor",2335,0.18499127399651,6,NA,NA,1121,"Disagree",NA,0.614662087496389,NA,NA,NA,NA,NA,NA,NA,NA,NA
"BFI_2S_19_28","ordered, factor",2335,0.18499127399651,6,NA,NA,1118,"Agree",NA,0.657814378533534,NA,NA,NA,NA,NA,NA,NA,NA,NA
"BFI_2S_20_28","ordered, factor",2335,0.18499127399651,6,NA,NA,859,"Agree",NA,0.750514514716469,NA,NA,NA,NA,NA,NA,NA,NA,NA
"BFI_2S_21_28","ordered, factor",2335,0.18499127399651,6,NA,NA,892,"Neither disagree nor agree",NA,0.689783345331493,NA,NA,NA,NA,NA,NA,NA,NA,NA
"BFI_2S_24_28","ordered, factor",2335,0.18499127399651,6,NA,NA,1447,"Agree",NA,0.559681964702484,NA,NA,NA,NA,NA,NA,NA,NA,NA
"BFI_2S_26_28","ordered, factor",2335,0.18499127399651,6,NA,NA,1267,"Disagree",NA,0.630413821880058,NA,NA,NA,NA,NA,NA,NA,NA,NA
"BFI_2S_27_28","ordered, factor",2335,0.18499127399651,6,NA,NA,1369,"Disagree",NA,0.586479831628372,NA,NA,NA,NA,NA,NA,NA,NA,NA
"BFI_2S_28_28","ordered, factor",2335,0.18499127399651,6,NA,NA,958,"Disagree",NA,0.701677572000422,NA,NA,NA,NA,NA,NA,NA,NA,NA
"BFI_2S_30_28","ordered, factor",2335,0.18499127399651,6,NA,NA,1068,"Disagree",NA,0.690174745172842,NA,NA,NA,NA,NA,NA,NA,NA,NA
"DS14_2_12","ordered, factor",2667,0.0691099476439791,6,NA,NA,779,"Neutral",NA,0.754583967217821,NA,NA,NA,NA,NA,NA,NA,NA,NA
"DS14_4_12","ordered, factor",2667,0.0691099476439791,6,NA,NA,1341,"False",NA,0.618448846875018,NA,NA,NA,NA,NA,NA,NA,NA,NA
"DS14_5_12","ordered, factor",2667,0.0691099476439791,6,NA,NA,997,"Rather false",NA,0.726266359562198,NA,NA,NA,NA,NA,NA,NA,NA,NA
"DS14_6_12","ordered, factor",2667,0.0691099476439791,6,NA,NA,985,"Rather false",NA,0.709939941421833,NA,NA,NA,NA,NA,NA,NA,NA,NA
"DS14_7_12","ordered, factor",2667,0.0691099476439791,6,NA,NA,1446,"False",NA,0.607146828806129,NA,NA,NA,NA,NA,NA,NA,NA,NA
"DS14_8_12","ordered, factor",2667,0.0691099476439791,6,NA,NA,1078,"False",NA,0.69591694738945,NA,NA,NA,NA,NA,NA,NA,NA,NA
"DS14_9_12","ordered, factor",2667,0.0691099476439791,6,NA,NA,1380,"False",NA,0.594965280633509,NA,NA,NA,NA,NA,NA,NA,NA,NA
"DS14_10_12","ordered, factor",2667,0.0691099476439791,6,NA,NA,1191,"False",NA,0.690084155678515,NA,NA,NA,NA,NA,NA,NA,NA,NA
"DS14_11_12","ordered, factor",2667,0.0691099476439791,6,NA,NA,935,"False",NA,0.723665728510595,NA,NA,NA,NA,NA,NA,NA,NA,NA
"DS14_12_12","ordered, factor",2667,0.0691099476439791,6,NA,NA,754,"Rather false",NA,0.76305928575576,NA,NA,NA,NA,NA,NA,NA,NA,NA
"DS14_13_12","ordered, factor",2667,0.0691099476439791,6,NA,NA,1628,"False",NA,0.543794792805005,NA,NA,NA,NA,NA,NA,NA,NA,NA
"DS14_14_12","ordered, factor",2667,0.0691099476439791,6,NA,NA,1254,"False",NA,0.65716869755735,NA,NA,NA,NA,NA,NA,NA,NA,NA
"DS14_1_12","ordered, factor",2667,0.0691099476439791,6,NA,NA,1050,"True",NA,0.681300945368331,NA,NA,NA,NA,NA,NA,NA,NA,NA
"DS14_3_12","ordered, factor",2667,0.0691099476439791,6,NA,NA,893,"Neutral",NA,0.756256705257175,NA,NA,NA,NA,NA,NA,NA,NA,NA
"Perfectionism_push_20","ordered, factor",393,0.86282722513089,5,NA,NA,2472,NA,NA,0.642399756553943,NA,NA,NA,NA,NA,NA,NA,NA,NA
"Perfectionism_standards_20","ordered, factor",393,0.86282722513089,5,NA,NA,2472,NA,NA,0.692578132587456,NA,NA,NA,NA,NA,NA,NA,NA,NA
"Perfectionism_failure_20","ordered, factor",393,0.86282722513089,5,NA,NA,2472,NA,NA,0.666265239658399,NA,NA,NA,NA,NA,NA,NA,NA,NA
"Perfectionism_judge_20","ordered, factor",393,0.86282722513089,5,NA,NA,2472,NA,NA,0.664711328658651,NA,NA,NA,NA,NA,NA,NA,NA,NA
"Perfectionism_striving_20","ordered, factor",393,0.86282722513089,5,NA,NA,2472,NA,NA,0.62761170353968,NA,NA,NA,NA,NA,NA,NA,NA,NA
"Perfectionism_careful_20","ordered, factor",393,0.86282722513089,5,NA,NA,2472,NA,NA,0.644886014153539,NA,NA,NA,NA,NA,NA,NA,NA,NA
"Perfectionism_ambition_20","ordered, factor",393,0.86282722513089,5,NA,NA,2472,NA,NA,0.697201017811705,NA,NA,NA,NA,NA,NA,NA,NA,NA
"Historydepression_12","factor",2670,0.0680628272251309,3,NA,NA,2344,"No",NA,0.214379216989999,NA,NA,NA,NA,NA,NA,NA,NA,NA
"EDS_1_12","ordered, factor",2757,0.037696335078534,5,NA,NA,2064,"As much as I always could",NA,0.395694331137715,NA,NA,NA,NA,NA,NA,NA,NA,NA
"EDS_2_12","ordered, factor",2757,0.037696335078534,5,NA,NA,1867,"As much as I ever did",NA,0.468737144044197,NA,NA,NA,NA,NA,NA,NA,NA,NA
"EDS_4_12","ordered, factor",2757,0.037696335078534,5,NA,NA,1218,"No, not at all",NA,0.664549327336266,NA,NA,NA,NA,NA,NA,NA,NA,NA
"EDS_3_12","ordered, factor",2757,0.037696335078534,5,NA,NA,1088,"No, never",NA,0.668230398198985,NA,NA,NA,NA,NA,NA,NA,NA,NA
"EDS_5_12","ordered, factor",2757,0.037696335078534,5,NA,NA,1754,"No, not at all",NA,0.525921093259628,NA,NA,NA,NA,NA,NA,NA,NA,NA
"EDS_6_12","ordered, factor",2757,0.037696335078534,5,NA,NA,1059,"No, most of the time I have coped quite well",NA,0.666417753654792,NA,NA,NA,NA,NA,NA,NA,NA,NA
"EDS_7_12","ordered, factor",2757,0.037696335078534,5,NA,NA,2241,"No, not at all",NA,0.31959562423555,NA,NA,NA,NA,NA,NA,NA,NA,NA
"EDS_8_12","ordered, factor",2757,0.037696335078534,5,NA,NA,1585,"No, not at all",NA,0.566370510175635,NA,NA,NA,NA,NA,NA,NA,NA,NA
"EDS_9_12","ordered, factor",2757,0.037696335078534,5,NA,NA,2034,"No, never",NA,0.402988587496279,NA,NA,NA,NA,NA,NA,NA,NA,NA
"EDS_10_12","ordered, factor",2757,0.037696335078534,5,NA,NA,2705,"Never",NA,0.0371751320113842,NA,NA,NA,NA,NA,NA,NA,NA,NA
"Historyanxiety_12","factor",2670,0.0680628272251309,3,NA,NA,2415,"No",NA,0.172768589824517,NA,NA,NA,NA,NA,NA,NA,NA,NA
"SCL90_1_12","ordered, factor",2246,0.216055846422339,6,NA,NA,1586,"Not at all",NA,0.444708273301145,NA,NA,NA,NA,NA,NA,NA,NA,NA
"SCL90_2_12","ordered, factor",2231,0.221291448516579,6,NA,NA,1998,"Not at all",NA,0.190254634936064,NA,NA,NA,NA,NA,NA,NA,NA,NA
"SCL90_3_12","ordered, factor",2244,0.216753926701571,6,NA,NA,1829,"Not at all",NA,0.313077694211699,NA,NA,NA,NA,NA,NA,NA,NA,NA
"SCL90_4_12","ordered, factor",2240,0.218150087260035,6,NA,NA,1586,"Not at all",NA,0.438610889668367,NA,NA,NA,NA,NA,NA,NA,NA,NA
"SCL90_5_12","ordered, factor",2244,0.216753926701571,6,NA,NA,1619,"Not at all",NA,0.432063240139679,NA,NA,NA,NA,NA,NA,NA,NA,NA
"SCL90_6_12","ordered, factor",2242,0.217452006980803,6,NA,NA,1054,"A little bit",NA,0.61145347000456,NA,NA,NA,NA,NA,NA,NA,NA,NA
"SCL90_7_12","ordered, factor",2240,0.218150087260035,6,NA,NA,1958,"Not at all",NA,0.226505500637755,NA,NA,NA,NA,NA,NA,NA,NA,NA
"SCL90_8_12","ordered, factor",2244,0.216753926701571,6,NA,NA,1656,"Not at all",NA,0.415331754156856,NA,NA,NA,NA,NA,NA,NA,NA,NA
"SCL90_9_12","ordered, factor",2239,0.218499127399651,6,NA,NA,1762,"Not at all",NA,0.351763302740947,NA,NA,NA,NA,NA,NA,NA,NA,NA
"SCL90_10_12","ordered, factor",2236,0.219546247818499,6,NA,NA,1546,"Not at all",NA,0.461870081700967,NA,NA,NA,NA,NA,NA,NA,NA,NA
"TPDS_NA_1_12","ordered, factor",2743,0.0425828970331588,5,NA,NA,1533,"Rarely or never",NA,0.54579681764433,NA,NA,NA,NA,NA,NA,NA,NA,NA
"TPDS_NA_2_12","ordered, factor",2682,0.0638743455497382,5,NA,NA,1212,"Rarely or never",NA,0.590647123558554,NA,NA,NA,NA,NA,NA,NA,NA,NA
"TPDS_NA_3_12","ordered, factor",2682,0.0638743455497382,5,NA,NA,1198,"Now and then",NA,0.609257118325779,NA,NA,NA,NA,NA,NA,NA,NA,NA
"TPDS_NA_4_12","ordered, factor",2743,0.0425828970331588,5,NA,NA,1645,"Rarely or never",NA,0.533262077373499,NA,NA,NA,NA,NA,NA,NA,NA,NA
"TPDS_NA_5_12","ordered, factor",2682,0.0638743455497382,5,NA,NA,1456,"Now and then",NA,0.618415864928785,NA,NA,NA,NA,NA,NA,NA,NA,NA
"TPDS_NA_6_12","ordered, factor",2682,0.0638743455497382,5,NA,NA,1099,"Now and then",NA,0.663154423585635,NA,NA,NA,NA,NA,NA,NA,NA,NA
"TPDS_NA_7_12","ordered, factor",2743,0.0425828970331588,5,NA,NA,2095,"Rarely or never",NA,0.385620827296579,NA,NA,NA,NA,NA,NA,NA,NA,NA
"TPDS_NA_8_12","ordered, factor",2743,0.0425828970331588,5,NA,NA,1843,"Rarely or never",NA,0.473633013288457,NA,NA,NA,NA,NA,NA,NA,NA,NA
"TPDS_NA_9_12","ordered, factor",2682,0.0638743455497382,5,NA,NA,1146,"Rarely or never",NA,0.624409366500564,NA,NA,NA,NA,NA,NA,NA,NA,NA
"TPDS_NA_10_12","ordered, factor",2743,0.0425828970331588,5,NA,NA,1840,"Rarely or never",NA,0.47439457132722,NA,NA,NA,NA,NA,NA,NA,NA,NA
"TPDS_PI_1_12","ordered, factor",2657,0.0726003490401396,5,NA,NA,1182,"Fairly often",NA,0.651483381114274,NA,NA,NA,NA,NA,NA,NA,NA,NA
"TPDS_PI_2_12","ordered, factor",2597,0.093542757417103,5,NA,NA,1023,"Fairly often",NA,0.690996349717225,NA,NA,NA,NA,NA,NA,NA,NA,NA
"TPDS_PI_3_12","ordered, factor",2657,0.0726003490401396,5,NA,NA,1779,"Very often",NA,0.480284784696803,NA,NA,NA,NA,NA,NA,NA,NA,NA
"TPDS_PI_4_12","ordered, factor",2657,0.0726003490401396,5,NA,NA,1728,"Very often",NA,0.498490222389243,NA,NA,NA,NA,NA,NA,NA,NA,NA
"FOBS_1_12","numeric",306,0.893193717277487,67,29.156862745098,20,20,NA,22.9495862735118,NA,0,100,100,0.873275283686686,3.13343098743984,-0.109432370230106,-0.196955075514384,NA,NA
"FOBS_2_12","numeric",298,0.895986038394415,65,28.8859060402685,22.5,22.5,NA,22.3397488754027,NA,0,100,100,0.866415075915645,3.06830636151759,0.0693855218843265,0.123262248838213,NA,NA
"DERS16_1_8wPP","ordered, factor",2332,0.186038394415358,6,NA,NA,1074,"Almost never",NA,0.596836025879037,NA,NA,NA,NA,NA,NA,NA,NA,NA
"DERS16_2_8wPP","ordered, factor",2332,0.186038394415358,6,NA,NA,1380,"Almost never",NA,0.546048121592638,NA,NA,NA,NA,NA,NA,NA,NA,NA
"DERS16_3_8wPP","ordered, factor",2332,0.186038394415358,6,NA,NA,943,"Almost never",NA,0.668904407027,NA,NA,NA,NA,NA,NA,NA,NA,NA
"DERS16_4_8wPP","ordered, factor",2332,0.186038394415358,6,NA,NA,1706,"Almost never",NA,0.424511752366214,NA,NA,NA,NA,NA,NA,NA,NA,NA
"DERS16_5_8wPP","ordered, factor",2332,0.186038394415358,6,NA,NA,1589,"Almost never",NA,0.484458161340908,NA,NA,NA,NA,NA,NA,NA,NA,NA
"DERS16_6_8wPP","ordered, factor",2332,0.186038394415358,6,NA,NA,1641,"Almost never",NA,0.451974394581761,NA,NA,NA,NA,NA,NA,NA,NA,NA
"DERS16_7_8wPP","ordered, factor",2332,0.186038394415358,6,NA,NA,932,"Sometimes",NA,0.676701437822348,NA,NA,NA,NA,NA,NA,NA,NA,NA
"DERS16_8_8wPP","ordered, factor",2332,0.186038394415358,6,NA,NA,1764,"Almost never",NA,0.39184226320946,NA,NA,NA,NA,NA,NA,NA,NA,NA
"DERS16_9_8wPP","ordered, factor",2332,0.186038394415358,6,NA,NA,1141,"Almost never",NA,0.647663281247701,NA,NA,NA,NA,NA,NA,NA,NA,NA
"DERS16_10_8wPP","ordered, factor",2332,0.186038394415358,6,NA,NA,966,"Almost never",NA,0.691586444398024,NA,NA,NA,NA,NA,NA,NA,NA,NA
"DERS16_11_8wPP","ordered, factor",2332,0.186038394415358,6,NA,NA,1585,"Almost never",NA,0.480610581689905,NA,NA,NA,NA,NA,NA,NA,NA,NA
"DERS16_12_8wPP","ordered, factor",2332,0.186038394415358,6,NA,NA,1553,"Almost never",NA,0.492069101971526,NA,NA,NA,NA,NA,NA,NA,NA,NA
"DERS16_13_8wPP","ordered, factor",2332,0.186038394415358,6,NA,NA,840,"Sometimes",NA,0.712635227971485,NA,NA,NA,NA,NA,NA,NA,NA,NA
"DERS16_14_8wPP","ordered, factor",2332,0.186038394415358,6,NA,NA,1298,"Almost never",NA,0.597229168934564,NA,NA,NA,NA,NA,NA,NA,NA,NA
"DERS16_15_8wPP","ordered, factor",2332,0.186038394415358,6,NA,NA,931,"Sometimes",NA,0.674226365078011,NA,NA,NA,NA,NA,NA,NA,NA,NA
"DERS16_16_8wPP","ordered, factor",2332,0.186038394415358,6,NA,NA,1564,"Almost never",NA,0.494866706483587,NA,NA,NA,NA,NA,NA,NA,NA,NA
"Treatment_12","factor",2670,0.0680628272251309,4,NA,NA,1384,"No",NA,0.606726984527767,NA,NA,NA,NA,NA,NA,NA,NA,NA
"BSMAS_1_12","ordered, factor",2232,0.220942408376963,6,NA,NA,753,"Very rarely",NA,0.731676992202053,NA,NA,NA,NA,NA,NA,NA,NA,NA
"BSMAS_2_12","ordered, factor",2231,0.221291448516579,6,NA,NA,1030,"Very rarely",NA,0.651969587900094,NA,NA,NA,NA,NA,NA,NA,NA,NA
"BSMAS_3_12","ordered, factor",2230,0.221640488656195,6,NA,NA,1591,"Very rarely",NA,0.450331999436948,NA,NA,NA,NA,NA,NA,NA,NA,NA
"BSMAS_4_12","ordered, factor",2226,0.22303664921466,6,NA,NA,1187,"Very rarely",NA,0.626603507191413,NA,NA,NA,NA,NA,NA,NA,NA,NA
"BSMAS_5_12","ordered, factor",2227,0.222687609075044,6,NA,NA,1638,"Very rarely",NA,0.421309765503942,NA,NA,NA,NA,NA,NA,NA,NA,NA
"BSMAS_6_12","ordered, factor",2218,0.225828970331588,6,NA,NA,1891,"Very rarely",NA,0.258813657581506,NA,NA,NA,NA,NA,NA,NA,NA,NA
"ECR_SF_1_8wPP","ordered, factor",2308,0.194415357766143,8,NA,NA,1742,"Strongly disagree",NA,0.408508645987583,NA,NA,NA,NA,NA,NA,NA,NA,NA
"ECR_SF_2_8wPP","ordered, factor",2308,0.194415357766143,8,NA,NA,1591,"Strongly disagree",NA,0.495365002748334,NA,NA,NA,NA,NA,NA,NA,NA,NA
"ECR_SF_3_8wPP","ordered, factor",2308,0.194415357766143,8,NA,NA,1766,"Strongly disagree",NA,0.397583268504696,NA,NA,NA,NA,NA,NA,NA,NA,NA
"ECR_SF_4_8wPP","ordered, factor",2308,0.194415357766143,8,NA,NA,1891,"Strongly disagree",NA,0.316626442875208,NA,NA,NA,NA,NA,NA,NA,NA,NA
"ECR_SF_5_8wPP","ordered, factor",2308,0.194415357766143,7,NA,NA,1997,"Strongly disagree",NA,0.243859051028898,NA,NA,NA,NA,NA,NA,NA,NA,NA
"ECR_SF_6_8wPP","ordered, factor",2308,0.194415357766143,8,NA,NA,631,"Strongly disagree",NA,0.816600536450715,NA,NA,NA,NA,NA,NA,NA,NA,NA
"ECR_SF_8_8wPP","ordered, factor",2308,0.194415357766143,8,NA,NA,1762,"Strongly disagree",NA,0.397024590828675,NA,NA,NA,NA,NA,NA,NA,NA,NA
"ECR_SF_10_8wPP","ordered, factor",2308,0.194415357766143,8,NA,NA,798,"Slightly agree",NA,0.79946925620778,NA,NA,NA,NA,NA,NA,NA,NA,NA
"ECR_SF_7_8wPP","ordered, factor",2308,0.194415357766143,8,NA,NA,992,"Strongly agree",NA,0.744999684617441,NA,NA,NA,NA,NA,NA,NA,NA,NA
"ECR_SF_9_8wPP","ordered, factor",2308,0.194415357766143,8,NA,NA,1254,"Strongly agree",NA,0.584013032808797,NA,NA,NA,NA,NA,NA,NA,NA,NA
"ECR_SF_11_8wPP","ordered, factor",2308,0.194415357766143,8,NA,NA,1289,"Strongly agree",NA,0.588994575419985,NA,NA,NA,NA,NA,NA,NA,NA,NA
"ECR_SF_12_8wPP","ordered, factor",2308,0.194415357766143,8,NA,NA,899,"Strongly agree",NA,0.714517960285827,NA,NA,NA,NA,NA,NA,NA,NA,NA
"OBVL_4_8wPP","ordered, factor",2068,0.278184991273996,5,NA,NA,1060,"Somewhat true	",NA,0.635974076748388,NA,NA,NA,NA,NA,NA,NA,NA,NA
"OBVL_8_8wPP","ordered, factor",2070,0.277486910994764,5,NA,NA,928,"Somewhat true	",NA,0.653556909146071,NA,NA,NA,NA,NA,NA,NA,NA,NA
"OBVL_12_8wPP","ordered, factor",2070,0.277486910994764,5,NA,NA,903,"Not true	",NA,0.630556605755093,NA,NA,NA,NA,NA,NA,NA,NA,NA
"OBVL_16_8wPP","ordered, factor",2069,0.27783595113438,5,NA,NA,934,"Somewhat true	",NA,0.665194342781576,NA,NA,NA,NA,NA,NA,NA,NA,NA
"OBVL_20_8wPP","ordered, factor",2066,0.278883071553229,5,NA,NA,945,"Somewhat true	",NA,0.662929240203957,NA,NA,NA,NA,NA,NA,NA,NA,NA
"OBVL_24_8wPP","ordered, factor",2070,0.277486910994764,5,NA,NA,1108,"Not true	",NA,0.587862960629186,NA,NA,NA,NA,NA,NA,NA,NA,NA
"OBVL_1_8wPP","ordered, factor",2066,0.278883071553229,5,NA,NA,1665,"Very true",NA,0.323957982886151,NA,NA,NA,NA,NA,NA,NA,NA,NA
"OBVL_2_8wPP","ordered, factor",2060,0.280977312390925,5,NA,NA,915,"Very true",NA,0.629573475351117,NA,NA,NA,NA,NA,NA,NA,NA,NA
"OBVL_5_8wPP","ordered, factor",2069,0.27783595113438,5,NA,NA,1302,"Very true",NA,0.497726455646554,NA,NA,NA,NA,NA,NA,NA,NA,NA
"OBVL_6_8wPP","ordered, factor",2065,0.279232111692845,5,NA,NA,978,"Very true",NA,0.580947768938084,NA,NA,NA,NA,NA,NA,NA,NA,NA
"OBVL_9_8wPP","ordered, factor",2063,0.279930191972077,5,NA,NA,1472,"Very true",NA,0.43200690606534,NA,NA,NA,NA,NA,NA,NA,NA,NA
"OBVL_10_8wPP","ordered, factor",2063,0.279930191972077,5,NA,NA,888,"Quite true	",NA,0.628579296512733,NA,NA,NA,NA,NA,NA,NA,NA,NA
"OBVL_13_8wPP","ordered, factor",2061,0.280628272251309,5,NA,NA,1483,"Very true",NA,0.421549814594697,NA,NA,NA,NA,NA,NA,NA,NA,NA
"OBVL_14_8wPP","ordered, factor",2066,0.278883071553229,5,NA,NA,1145,"Very true",NA,0.537760205568608,NA,NA,NA,NA,NA,NA,NA,NA,NA
"OBVL_17_8wPP","ordered, factor",2067,0.278534031413613,5,NA,NA,1078,"Very true",NA,0.576388142836646,NA,NA,NA,NA,NA,NA,NA,NA,NA
"OBVL_18_8wPP","ordered, factor",2067,0.278534031413613,5,NA,NA,1403,"Very true",NA,0.462187263676981,NA,NA,NA,NA,NA,NA,NA,NA,NA
"OBVL_21_8wPP","ordered, factor",2064,0.279581151832461,5,NA,NA,1527,"Very true",NA,0.402729891532961,NA,NA,NA,NA,NA,NA,NA,NA,NA
"OBVL_22_8wPP","ordered, factor",2069,0.27783595113438,5,NA,NA,944,"Quite true	",NA,0.587913223840341,NA,NA,NA,NA,NA,NA,NA,NA,NA
"OBVL_25_8wPP","ordered, factor",2064,0.279581151832461,5,NA,NA,801,NA,NA,0.708033340093744,NA,NA,NA,NA,NA,NA,NA,NA,NA
"OBVL_Parent_Child_Relationship_8wPP","numeric",2039,0.288307155322862,19,8.21333987248651,7,7,NA,2.90140546256945,NA,6,24,18,1.58623505392122,14.6315281283001,2.61189307893409,12.0520160522988,NA,NA
"OBVL_Parenting_8wPP","numeric",2035,0.289703315881326,21,11.8604422604423,12,12,NA,3.555043061775,NA,7,26,19,0.569231815376986,5.24548355279239,-0.110904222299514,-0.511242586674142,NA,NA
"OBVL_Role_Limitation_8wPP","numeric",2059,0.281326352530541,20,12.4487615347256,12,12,NA,3.86565854761653,NA,6,24,18,0.799591466342698,7.41151100111572,0.222013153783308,1.02943143036343,NA,NA
"COVID19_PPQ_3_12","ordered, factor",720,0.74869109947644,5,NA,NA,2145,NA,NA,0.506979166666667,NA,NA,NA,NA,NA,NA,NA,NA,NA
"COVID19_PPQ_4_12","ordered, factor",720,0.74869109947644,5,NA,NA,2145,NA,NA,0.569367283950617,NA,NA,NA,NA,NA,NA,NA,NA,NA
"COVID19_PPQ_2_12","ordered, factor",720,0.74869109947644,5,NA,NA,2145,NA,NA,0.391361882716049,NA,NA,NA,NA,NA,NA,NA,NA,NA
"COVID19_PPQ_8_12","ordered, factor",720,0.74869109947644,5,NA,NA,2145,NA,NA,0.707534722222222,NA,NA,NA,NA,NA,NA,NA,NA,NA
"COVID19_PPQ_5_12","ordered, factor",720,0.74869109947644,5,NA,NA,2145,NA,NA,0.693090277777778,NA,NA,NA,NA,NA,NA,NA,NA,NA
"COVID19_PPQ_10_12","ordered, factor",720,0.74869109947644,5,NA,NA,2145,NA,NA,0.681292438271605,NA,NA,NA,NA,NA,NA,NA,NA,NA
"COVID19_PPQ_12_12","ordered, factor",720,0.74869109947644,5,NA,NA,2145,NA,NA,0.588051697530864,NA,NA,NA,NA,NA,NA,NA,NA,NA
"COVID19_PPQ_14_12","ordered, factor",720,0.74869109947644,5,NA,NA,2145,NA,NA,0.646828703703704,NA,NA,NA,NA,NA,NA,NA,NA,NA
"COVID19_PPQ_9_12","ordered, factor",720,0.74869109947644,5,NA,NA,2145,NA,NA,0.519810956790123,NA,NA,NA,NA,NA,NA,NA,NA,NA
"COVID19_PPQ_1_12","ordered, factor",670,0.766143106457243,5,NA,NA,2195,NA,NA,0.572746714190243,NA,NA,NA,NA,NA,NA,NA,NA,NA
"COVID19_PPQ_6_12","ordered, factor",670,0.766143106457243,5,NA,NA,2195,NA,NA,0.617295611494765,NA,NA,NA,NA,NA,NA,NA,NA,NA
"COVID19_PPQ_7_12","ordered, factor",670,0.766143106457243,5,NA,NA,2195,NA,NA,0.614854087770105,NA,NA,NA,NA,NA,NA,NA,NA,NA
"COVID19_PPQ_11_12","ordered, factor",670,0.766143106457243,5,NA,NA,2195,NA,NA,0.671307640899978,NA,NA,NA,NA,NA,NA,NA,NA,NA
"COVID19_PPQ_13_12","ordered, factor",670,0.766143106457243,5,NA,NA,2195,NA,NA,0.729177990643796,NA,NA,NA,NA,NA,NA,NA,NA,NA
"COVID19_PPQ_15_12","ordered, factor",670,0.766143106457243,5,NA,NA,2195,NA,NA,0.702806861216307,NA,NA,NA,NA,NA,NA,NA,NA,NA
"Complaints_1_12","ordered, factor",2563,0.105410122164049,6,NA,NA,1201,"A little of the time",NA,0.689117272436512,NA,NA,NA,NA,NA,NA,NA,NA,NA
"Complaints_2_12","ordered, factor",2563,0.105410122164049,6,NA,NA,1774,"None of the time",NA,0.466245768552112,NA,NA,NA,NA,NA,NA,NA,NA,NA
"Complaints_3_12","ordered, factor",2563,0.105410122164049,6,NA,NA,1442,"None of the time",NA,0.581205056683933,NA,NA,NA,NA,NA,NA,NA,NA,NA
"Complaints_4_12","ordered, factor",2563,0.105410122164049,6,NA,NA,2083,"None of the time",NA,0.321328354571319,NA,NA,NA,NA,NA,NA,NA,NA,NA
"Complaints_5_12","ordered, factor",2563,0.105410122164049,6,NA,NA,1165,"A little of the time",NA,0.694055033598119,NA,NA,NA,NA,NA,NA,NA,NA,NA
"Complaints_6_12","ordered, factor",2563,0.105410122164049,6,NA,NA,2018,"None of the time",NA,0.357773647584575,NA,NA,NA,NA,NA,NA,NA,NA,NA
"Complaints_7_12","ordered, factor",2563,0.105410122164049,6,NA,NA,1073,"A little of the time",NA,0.722727112884838,NA,NA,NA,NA,NA,NA,NA,NA,NA
"Complaints_8_12","ordered, factor",2563,0.105410122164049,6,NA,NA,1742,"None of the time",NA,0.487899394866987,NA,NA,NA,NA,NA,NA,NA,NA,NA
"Complaints_9_12","ordered, factor",2563,0.105410122164049,6,NA,NA,1051,"A little of the time",NA,0.665236508194817,NA,NA,NA,NA,NA,NA,NA,NA,NA
"Complaints_10_12","ordered, factor",2563,0.105410122164049,6,NA,NA,1959,"None of the time",NA,0.390527037043408,NA,NA,NA,NA,NA,NA,NA,NA,NA
"Complaints_11_12","ordered, factor",2508,0.124607329842932,6,NA,NA,2292,"None of the time",NA,0.160553215356791,NA,NA,NA,NA,NA,NA,NA,NA,NA
"Complaints_12_12","ordered, factor",2563,0.105410122164049,6,NA,NA,1139,"A little of the time",NA,0.671030415884136,NA,NA,NA,NA,NA,NA,NA,NA,NA
"Complaints_13_12","ordered, factor",2563,0.105410122164049,6,NA,NA,2093,"None of the time",NA,0.311967677119499,NA,NA,NA,NA,NA,NA,NA,NA,NA
"Complaints_14_12","ordered, factor",2563,0.105410122164049,6,NA,NA,1162,"None of the time",NA,0.670006206453402,NA,NA,NA,NA,NA,NA,NA,NA,NA
"Complaints_15_12","ordered, factor",2563,0.105410122164049,6,NA,NA,1282,"None of the time",NA,0.632404263134748,NA,NA,NA,NA,NA,NA,NA,NA,NA
"Complaints_16_12","ordered, factor",2563,0.105410122164049,6,NA,NA,726,"A little of the time",NA,0.782285926452081,NA,NA,NA,NA,NA,NA,NA,NA,NA
"Complaints_17_12","ordered, factor",2563,0.105410122164049,6,NA,NA,753,"A little of the time",NA,0.774277668230738,NA,NA,NA,NA,NA,NA,NA,NA,NA
"Complaints_18_12","ordered, factor",2563,0.105410122164049,6,NA,NA,962,"None of the time",NA,0.706027384205954,NA,NA,NA,NA,NA,NA,NA,NA,NA
"Complaints_19_12","ordered, factor",2563,0.105410122164049,6,NA,NA,743,"A little of the time",NA,0.777761319927069,NA,NA,NA,NA,NA,NA,NA,NA,NA
"Complaints_20_12","ordered, factor",2563,0.105410122164049,6,NA,NA,1501,"None of the time",NA,0.566722418693101,NA,NA,NA,NA,NA,NA,NA,NA,NA
"Complaints_21_12","ordered, factor",2563,0.105410122164049,6,NA,NA,1509,"None of the time",NA,0.57184285692321,NA,NA,NA,NA,NA,NA,NA,NA,NA
"Complaints_22_12","ordered, factor",2563,0.105410122164049,6,NA,NA,812,"None of the time",NA,0.760137549743346,NA,NA,NA,NA,NA,NA,NA,NA,NA
"Complaints_23_12","ordered, factor",2508,0.124607329842932,6,NA,NA,790,"A little of the time",NA,0.775449343599684,NA,NA,NA,NA,NA,NA,NA,NA,NA
"Absence_workdays_12","numeric",900,0.68586387434555,61,14.0633333333333,5,5,NA,34.5406434677752,NA,0,500,500,6.94209996139918,42.5822475582859,67.1482577263836,206.16775426956,NA,NA
"Breadwinner_12","factor",2757,0.037696335078534,4,NA,NA,1660,"My partner",NA,0.556927339897427,NA,NA,NA,NA,NA,NA,NA,NA,NA
"Childcare_6mPP","factor",1369,0.52216404886562,3,NA,NA,1496,NA,NA,0.28438325202584,NA,NA,NA,NA,NA,NA,NA,NA,NA
"Compressedwork_6mPP","factor",1369,0.52216404886562,5,NA,NA,1496,NA,NA,0.343861599937252,NA,NA,NA,NA,NA,NA,NA,NA,NA
"Flexiblehours_6mPP","factor",1369,0.52216404886562,5,NA,NA,1496,NA,NA,0.62839318500385,NA,NA,NA,NA,NA,NA,NA,NA,NA
"FSSB_SF_1_6mPP","ordered, factor",1237,0.568237347294939,7,NA,NA,1628,NA,NA,0.718272295413121,NA,NA,NA,NA,NA,NA,NA,NA,NA
"FSSB_SF_2_6mPP","ordered, factor",1237,0.568237347294939,7,NA,NA,1628,NA,NA,0.755349245736909,NA,NA,NA,NA,NA,NA,NA,NA,NA
"FSSB_SF_3_6mPP","ordered, factor",1237,0.568237347294939,7,NA,NA,1628,NA,NA,0.791549168751948,NA,NA,NA,NA,NA,NA,NA,NA,NA
"FSSB_SF_4_6mPP","ordered, factor",1237,0.568237347294939,7,NA,NA,1628,NA,NA,0.749356443634657,NA,NA,NA,NA,NA,NA,NA,NA,NA
"Hoursworkpartner_12","factor",2671,0.0677137870855148,3,NA,NA,2084,"No",NA,0.342939914701508,NA,NA,NA,NA,NA,NA,NA,NA,NA
"Hoursjobpartner_8wPP","factor",2262,0.210471204188482,3,NA,NA,1636,"No",NA,0.40031551931305,NA,NA,NA,NA,NA,NA,NA,NA,NA
"IWPQ_TP1_12","ordered, factor",2551,0.109598603839442,6,NA,NA,1142,"Often",NA,0.680115145350798,NA,NA,NA,NA,NA,NA,NA,NA,NA
"IWPQ_TP4_12","ordered, factor",2551,0.109598603839442,6,NA,NA,1240,"Often",NA,0.655510686657034,NA,NA,NA,NA,NA,NA,NA,NA,NA
"IWPQ_TP6_12","ordered, factor",2551,0.109598603839442,6,NA,NA,1062,"Often",NA,0.710413868336427,NA,NA,NA,NA,NA,NA,NA,NA,NA
"IWPQ_CP2_12","ordered, factor",2551,0.109598603839442,6,NA,NA,935,"Often",NA,0.721267944976958,NA,NA,NA,NA,NA,NA,NA,NA,NA
"IWPQ_CP1_12","ordered, factor",2551,0.109598603839442,6,NA,NA,771,"Often",NA,0.77942270892146,NA,NA,NA,NA,NA,NA,NA,NA,NA
"IWPQ_CP9_12","ordered, factor",2551,0.109598603839442,6,NA,NA,938,"Often",NA,0.728348895391712,NA,NA,NA,NA,NA,NA,NA,NA,NA
"Maternityleave_12","integer",2520,0.120418848167539,31,32.5551587301587,36,36,NA,10.9638391691831,NA,0,356,356,8.74713975285621,89.6848324825343,301.270156271519,1545.07955367421,NA,NA
"Organization_Support_1_6mPP","ordered, factor",1139,0.602443280977312,7,NA,NA,1726,NA,NA,0.733192478962416,NA,NA,NA,NA,NA,NA,NA,NA,NA
"Organization_Support_2_6mPP","ordered, factor",1139,0.602443280977312,7,NA,NA,1726,NA,NA,0.710473352393124,NA,NA,NA,NA,NA,NA,NA,NA,NA
"Organization_Support_3_6mPP","ordered, factor",1139,0.602443280977312,7,NA,NA,1726,NA,NA,0.743660204375016,NA,NA,NA,NA,NA,NA,NA,NA,NA
"Organization_Support_7_6mPP","ordered, factor",1139,0.602443280977312,7,NA,NA,1726,NA,NA,0.606509876892458,NA,NA,NA,NA,NA,NA,NA,NA,NA
"Organization_Support_8_6mPP","ordered, factor",1139,0.602443280977312,7,NA,NA,1726,NA,NA,0.736747497342601,NA,NA,NA,NA,NA,NA,NA,NA,NA
"Organization_Hindrance_2_6mPP","ordered, factor",1139,0.602443280977312,7,NA,NA,1726,NA,NA,0.750145877543029,NA,NA,NA,NA,NA,NA,NA,NA,NA
"Organization_Hindrance_1_6mPP","ordered, factor",1139,0.602443280977312,7,NA,NA,1726,NA,NA,0.753941391529159,NA,NA,NA,NA,NA,NA,NA,NA,NA
"Organization_Hindrance_3_6mPP","ordered, factor",1139,0.602443280977312,7,NA,NA,1726,NA,NA,0.747816461770063,NA,NA,NA,NA,NA,NA,NA,NA,NA
"Organization_Hindrance_4_6mPP","ordered, factor",1139,0.602443280977312,7,NA,NA,1726,NA,NA,0.761982577943315,NA,NA,NA,NA,NA,NA,NA,NA,NA
"Organization_Hindrance_5_6mPP","ordered, factor",1139,0.602443280977312,7,NA,NA,1726,NA,NA,0.794145781961442,NA,NA,NA,NA,NA,NA,NA,NA,NA
"Parentalleave_6mPP","factor",1369,0.52216404886562,5,NA,NA,1496,NA,NA,0.735252734423563,NA,NA,NA,NA,NA,NA,NA,NA,NA
"Parentalleave_1yPP","factor",522,0.817801047120419,5,NA,NA,2343,NA,NA,0.720600108630231,NA,NA,NA,NA,NA,NA,NA,NA,NA
"Parentalleave_1y6mPP","factor",1093,0.618499127399651,5,NA,NA,1772,NA,NA,0.671634932101395,NA,NA,NA,NA,NA,NA,NA,NA,NA
"Parentalleave_2yPP","factor",734,0.743804537521815,5,NA,NA,2131,NA,NA,0.660944843305689,NA,NA,NA,NA,NA,NA,NA,NA,NA
"Parentalleave_2y6mPP","factor",925,0.677137870855148,5,NA,NA,1940,NA,NA,0.664195178962746,NA,NA,NA,NA,NA,NA,NA,NA,NA
"Parentalleave_3y6mPP","factor",484,0.831064572425829,5,NA,NA,2381,NA,NA,0.660192268287685,NA,NA,NA,NA,NA,NA,NA,NA,NA
"Plannedmatleave_8wPP","factor",2164,0.244677137870855,3,NA,NA,1806,"Yes",NA,0.276131692866978,NA,NA,NA,NA,NA,NA,NA,NA,NA
"Returntowork_8wPP","numeric",2045,0.286212914485166,52,14.8178141809291,14,14,NA,4.75130419470082,NA,0,60,60,1.90628649507917,17.6095161245596,12.3204575647434,56.9334670895793,NA,NA
"Subsidy_6mPP","factor",1369,0.52216404886562,3,NA,NA,1496,NA,NA,0.452714574681684,NA,NA,NA,NA,NA,NA,NA,NA,NA
"UBOS_4_12","ordered, factor",2551,0.109598603839442,8,NA,NA,975,"Rarely",NA,0.739811491208511,NA,NA,NA,NA,NA,NA,NA,NA,NA
"UBOS_5_12","ordered, factor",2551,0.109598603839442,8,NA,NA,923,"Almost never",NA,0.742144762716706,NA,NA,NA,NA,NA,NA,NA,NA,NA
"UBOS_6_12","ordered, factor",2551,0.109598603839442,8,NA,NA,849,"Almost never",NA,0.760895758667441,NA,NA,NA,NA,NA,NA,NA,NA,NA
"UBOS_1_12","ordered, factor",2551,0.109598603839442,8,NA,NA,820,"Often",NA,0.767553204322146,NA,NA,NA,NA,NA,NA,NA,NA,NA
"UBOS_2_12","ordered, factor",2551,0.109598603839442,8,NA,NA,851,"Very often",NA,0.762743136833374,NA,NA,NA,NA,NA,NA,NA,NA,NA
"UBOS_3_12","ordered, factor",2551,0.109598603839442,8,NA,NA,768,"Often",NA,0.78553279465044,NA,NA,NA,NA,NA,NA,NA,NA,NA
"Unpaidwork_12","factor",2757,0.037696335078534,3,NA,NA,2581,"No",NA,0.119524555097593,NA,NA,NA,NA,NA,NA,NA,NA,NA
"VBBA_1_12","ordered, factor",2550,0.109947643979058,6,NA,NA,1435,"Always",NA,0.579874817377932,NA,NA,NA,NA,NA,NA,NA,NA,NA
"VBBA_2_12","ordered, factor",2552,0.109249563699825,6,NA,NA,1450,"Always",NA,0.570734674875443,NA,NA,NA,NA,NA,NA,NA,NA,NA
"VBBA_3_12","ordered, factor",2550,0.109947643979058,5,NA,NA,1443,"Always",NA,0.513745790080738,NA,NA,NA,NA,NA,NA,NA,NA,NA
"VBBA_4_12","ordered, factor",2550,0.109947643979058,5,NA,NA,1393,"Always",NA,0.524498885044214,NA,NA,NA,NA,NA,NA,NA,NA,NA
"Work_12","factor",2757,0.037696335078534,3,NA,NA,2555,"Yes",NA,0.135799677123513,NA,NA,NA,NA,NA,NA,NA,NA,NA
"Work_28","factor",2334,0.185340314136126,3,NA,NA,2139,"Yes",NA,0.153134726838971,NA,NA,NA,NA,NA,NA,NA,NA,NA
"Work_8wPP","factor",2105,0.265270506108202,3,NA,NA,1952,"Yes",NA,0.134802218448328,NA,NA,NA,NA,NA,NA,NA,NA,NA
"Work_6mPP","factor",1369,0.52216404886562,3,NA,NA,1496,NA,NA,0.167133986888,NA,NA,NA,NA,NA,NA,NA,NA,NA
"Work_1yPP","factor",1155,0.596858638743455,3,NA,NA,1710,NA,NA,0.109287307209385,NA,NA,NA,NA,NA,NA,NA,NA,NA
"Work_1y6mPP","factor",1093,0.618499127399651,3,NA,NA,1772,NA,NA,0.11186549354664,NA,NA,NA,NA,NA,NA,NA,NA,NA
"Work_2yPP","factor",1050,0.633507853403141,3,NA,NA,1815,NA,NA,0.104373696145125,NA,NA,NA,NA,NA,NA,NA,NA,NA
"Work_2y6mPP","factor",925,0.677137870855148,3,NA,NA,1940,NA,NA,0.108028634039445,NA,NA,NA,NA,NA,NA,NA,NA,NA
"Work_3yPP","factor",703,0.754624781849913,3,NA,NA,2162,NA,NA,0.112349228767586,NA,NA,NA,NA,NA,NA,NA,NA,NA
"Work_3y6mPP","factor",532,0.814310645724258,3,NA,NA,2333,NA,NA,0.12618011193397,NA,NA,NA,NA,NA,NA,NA,NA,NA
"Work_4yPP","factor",354,0.876439790575916,3,NA,NA,2511,NA,NA,0.145679721663635,NA,NA,NA,NA,NA,NA,NA,NA,NA
"Workduringpreg_8wPP","factor",2168,0.243280977312391,3,NA,NA,1928,"No",NA,0.196892743835188,NA,NA,NA,NA,NA,NA,NA,NA,NA
"Workpartner_12","factor",2671,0.0677137870855148,3,NA,NA,2636,"Yes",NA,0.0258639987070803,NA,NA,NA,NA,NA,NA,NA,NA,NA
"Workpartner_8wPP","factor",2293,0.199650959860384,4,NA,NA,2258,"Yes",NA,0.0300982397934974,NA,NA,NA,NA,NA,NA,NA,NA,NA
"Workpostpreg_12","factor",2614,0.08760907504363,5,NA,NA,1436,"Yes, I am going to work the same number of hours",NA,0.505272943230173,NA,NA,NA,NA,NA,NA,NA,NA,NA
"Workpostpreg_8wPP","factor",2168,0.243280977312391,5,NA,NA,1086,"Yes, I am going to work the same number of hours",NA,0.521744921093122,NA,NA,NA,NA,NA,NA,NA,NA,NA
"Worksituation_12","factor",2614,0.08760907504363,7,NA,NA,1917,"Paid employed with a permanent contract",NA,0.43397127702109,NA,NA,NA,NA,NA,NA,NA,NA,NA
"SMUday_week_12","ordered, factor",330,0.884816753926702,9,NA,NA,2535,NA,NA,0.446152433425161,NA,NA,NA,NA,NA,NA,NA,NA,NA
"SMUfreq_12","numeric",2233,0.220593368237347,8,19.6444245409763,21,21,NA,11.2973946525019,NA,0,35,35,-0.105525356135655,-1.01856094093241,-1.08708127925831,-5.24875142826718,NA,NA
"SMUmotives_1_12","ordered, factor",330,0.884816753926702,8,NA,NA,2535,NA,NA,0.826960514233241,NA,NA,NA,NA,NA,NA,NA,NA,NA
"SMUmotives_2_12","ordered, factor",330,0.884816753926702,8,NA,NA,2535,NA,NA,0.825417814508724,NA,NA,NA,NA,NA,NA,NA,NA,NA
"SMUmotives_3_12","ordered, factor",330,0.884816753926702,8,NA,NA,2535,NA,NA,0.737281910009183,NA,NA,NA,NA,NA,NA,NA,NA,NA
"SMUmotives_4_12","ordered, factor",330,0.884816753926702,8,NA,NA,2535,NA,NA,0.780055096418733,NA,NA,NA,NA,NA,NA,NA,NA,NA
"SMUmotives_5_12","ordered, factor",330,0.884816753926702,7,NA,NA,2535,NA,NA,0.660642791551882,NA,NA,NA,NA,NA,NA,NA,NA,NA
"SMUmotives_6_12","ordered, factor",330,0.884816753926702,7,NA,NA,2535,NA,NA,0.430560146923783,NA,NA,NA,NA,NA,NA,NA,NA,NA
"SMUmotives_7_12","ordered, factor",330,0.884816753926702,7,NA,NA,2535,NA,NA,0.390780532598714,NA,NA,NA,NA,NA,NA,NA,NA,NA
"SMUmotives_8_12","ordered, factor",330,0.884816753926702,8,NA,NA,2535,NA,NA,0.559632690541781,NA,NA,NA,NA,NA,NA,NA,NA,NA
"SMUmotives_9_12","ordered, factor",330,0.884816753926702,7,NA,NA,2535,NA,NA,0.337594123048669,NA,NA,NA,NA,NA,NA,NA,NA,NA
"SMUmotives_10_12","ordered, factor",330,0.884816753926702,8,NA,NA,2535,NA,NA,0.717704315886134,NA,NA,NA,NA,NA,NA,NA,NA,NA
"SMUmotives_11_12","ordered, factor",330,0.884816753926702,8,NA,NA,2535,NA,NA,0.720844811753903,NA,NA,NA,NA,NA,NA,NA,NA,NA
"SMUmotives_12_12","ordered, factor",330,0.884816753926702,8,NA,NA,2535,NA,NA,0.823213957759412,NA,NA,NA,NA,NA,NA,NA,NA,NA
"SMUmotives_13_12","ordered, factor",330,0.884816753926702,8,NA,NA,2535,NA,NA,0.843195592286501,NA,NA,NA,NA,NA,NA,NA,NA,NA
"SMUmotives_14_12","ordered, factor",330,0.884816753926702,8,NA,NA,2535,NA,NA,0.834325068870523,NA,NA,NA,NA,NA,NA,NA,NA,NA
"SMUmotives_15_12","ordered, factor",330,0.884816753926702,8,NA,NA,2535,NA,NA,0.569090909090909,NA,NA,NA,NA,NA,NA,NA,NA,NA
"SMUmotives_16_12","ordered, factor",330,0.884816753926702,7,NA,NA,2535,NA,NA,0.428264462809917,NA,NA,NA,NA,NA,NA,NA,NA,NA
"SMUmotives_17_12","ordered, factor",330,0.884816753926702,8,NA,NA,2535,NA,NA,0.827768595041322,NA,NA,NA,NA,NA,NA,NA,NA,NA
"SMUmotives_18_12","ordered, factor",330,0.884816753926702,8,NA,NA,2535,NA,NA,0.836547291092746,NA,NA,NA,NA,NA,NA,NA,NA,NA
"SMUtime_12","ordered, factor",2563,0.105410122164049,11,NA,NA,803,"1 hour a day",NA,0.780022557573342,NA,NA,NA,NA,NA,NA,NA,NA,NA
"PPBS_1_28","ordered, factor",2109,0.263874345549738,5,NA,NA,1502,"Heel erg",NA,0.420424017638961,NA,NA,NA,NA,NA,NA,NA,NA,NA
"PPBS_2_28","ordered, factor",2106,0.264921465968586,5,NA,NA,1394,"Heel erg",NA,0.467715810387542,NA,NA,NA,NA,NA,NA,NA,NA,NA
"PPBS_3_28","ordered, factor",2108,0.264223385689354,5,NA,NA,938,"Heel erg",NA,0.611292392944201,NA,NA,NA,NA,NA,NA,NA,NA,NA
"PPBS_4_28","ordered, factor",2109,0.263874345549738,5,NA,NA,1593,"Heel erg",NA,0.379195846291751,NA,NA,NA,NA,NA,NA,NA,NA,NA
"PPBS_5_28","ordered, factor",2105,0.265270506108202,5,NA,NA,1313,"Heel erg",NA,0.488989793557924,NA,NA,NA,NA,NA,NA,NA,NA,NA
"DAS_18_12","ordered, factor",2674,0.0666666666666667,7,NA,NA,1528,"Most of the time",NA,0.564382689563312,NA,NA,NA,NA,NA,NA,NA,NA,NA
"DAS_19_12","ordered, factor",2674,0.0666666666666667,7,NA,NA,1853,"All the time",NA,0.447072532584756,NA,NA,NA,NA,NA,NA,NA,NA,NA
"DAS_23_12","ordered, factor",2674,0.0666666666666667,6,NA,NA,2240,"Every day",NA,0.283445002682414,NA,NA,NA,NA,NA,NA,NA,NA,NA
"DAS_31_12","ordered, factor",2674,0.0666666666666667,8,NA,NA,1170,"Very happy",NA,0.699260560011949,NA,NA,NA,NA,NA,NA,NA,NA,NA
"DAS_16_12","ordered, factor",2674,0.0666666666666667,7,NA,NA,2156,"Never",NA,0.324145809196736,NA,NA,NA,NA,NA,NA,NA,NA,NA
"DAS_17_12","ordered, factor",2674,0.0666666666666667,7,NA,NA,1189,"Never",NA,0.633960982764861,NA,NA,NA,NA,NA,NA,NA,NA,NA
"DAS_20_12","ordered, factor",2674,0.0666666666666667,7,NA,NA,2205,"Never",NA,0.297950177028132,NA,NA,NA,NA,NA,NA,NA,NA,NA
"DAS_21_12","ordered, factor",2674,0.0666666666666667,6,NA,NA,1535,"Rarely",NA,0.543873551174808,NA,NA,NA,NA,NA,NA,NA,NA,NA
"DAS_22_12","ordered, factor",2674,0.0666666666666667,7,NA,NA,1437,"Rarely",NA,0.576540821641011,NA,NA,NA,NA,NA,NA,NA,NA,NA
"DAS_31_20","ordered, factor",2433,0.150785340314136,8,NA,NA,992,"Very happy",NA,0.703422542047126,NA,NA,NA,NA,NA,NA,NA,NA,NA
"DAS_18_20","ordered, factor",2433,0.150785340314136,7,NA,NA,1282,"Most of the time",NA,0.582830376067934,NA,NA,NA,NA,NA,NA,NA,NA,NA
"DAS_19_20","ordered, factor",2433,0.150785340314136,7,NA,NA,1701,"All the time",NA,0.444770823968082,NA,NA,NA,NA,NA,NA,NA,NA,NA
"DAS_23_20","ordered, factor",2433,0.150785340314136,6,NA,NA,2091,"Every day",NA,0.25070035606114,NA,NA,NA,NA,NA,NA,NA,NA,NA
"DAS_16_20","ordered, factor",2433,0.150785340314136,6,NA,NA,1969,"Never",NA,0.319370472687761,NA,NA,NA,NA,NA,NA,NA,NA,NA
"DAS_17_20","ordered, factor",2433,0.150785340314136,7,NA,NA,1088,"Never",NA,0.629153293468406,NA,NA,NA,NA,NA,NA,NA,NA,NA
"DAS_20_20","ordered, factor",2433,0.150785340314136,7,NA,NA,1974,"Never",NA,0.316953710024632,NA,NA,NA,NA,NA,NA,NA,NA,NA
"DAS_21_20","ordered, factor",2433,0.150785340314136,7,NA,NA,1375,"Rarely",NA,0.564435882894621,NA,NA,NA,NA,NA,NA,NA,NA,NA
"DAS_22_20","ordered, factor",2433,0.150785340314136,7,NA,NA,1278,"Rarely",NA,0.584629855718965,NA,NA,NA,NA,NA,NA,NA,NA,NA
"DAS_18_28","ordered, factor",2297,0.19825479930192,7,NA,NA,1207,"Most of the time",NA,0.578540387615426,NA,NA,NA,NA,NA,NA,NA,NA,NA
"DAS_19_28","ordered, factor",2297,0.19825479930192,7,NA,NA,1555,"All the time",NA,0.464351582736772,NA,NA,NA,NA,NA,NA,NA,NA,NA
"DAS_23_28","ordered, factor",2297,0.19825479930192,6,NA,NA,1956,"Every day",NA,0.263802665891363,NA,NA,NA,NA,NA,NA,NA,NA,NA
"DAS_31_28","ordered, factor",2297,0.19825479930192,8,NA,NA,916,"Very happy",NA,0.715112687916646,NA,NA,NA,NA,NA,NA,NA,NA,NA
"DAS_16_28","ordered, factor",2297,0.19825479930192,6,NA,NA,1938,"Never",NA,0.271773161374009,NA,NA,NA,NA,NA,NA,NA,NA,NA
"DAS_17_28","ordered, factor",2297,0.19825479930192,7,NA,NA,1154,"Never",NA,0.599196127370997,NA,NA,NA,NA,NA,NA,NA,NA,NA
"DAS_20_28","ordered, factor",2297,0.19825479930192,7,NA,NA,1885,"Never",NA,0.304246097908555,NA,NA,NA,NA,NA,NA,NA,NA,NA
"DAS_21_28","ordered, factor",2297,0.19825479930192,7,NA,NA,1338,"Rarely",NA,0.557369505264101,NA,NA,NA,NA,NA,NA,NA,NA,NA
"DAS_22_28","ordered, factor",2297,0.19825479930192,7,NA,NA,1238,"Rarely",NA,0.587719326508863,NA,NA,NA,NA,NA,NA,NA,NA,NA
"DAS_18_8wPP","ordered, factor",2293,0.199650959860384,7,NA,NA,1225,"Most of the time",NA,0.591129566482415,NA,NA,NA,NA,NA,NA,NA,NA,NA
"DAS_19_8wPP","ordered, factor",2293,0.199650959860384,7,NA,NA,1520,"All the time",NA,0.478911813557217,NA,NA,NA,NA,NA,NA,NA,NA,NA
"DAS_23_8wPP","ordered, factor",2293,0.199650959860384,6,NA,NA,1859,"Every day",NA,0.325814605934861,NA,NA,NA,NA,NA,NA,NA,NA,NA
"DAS_31_8wPP","ordered, factor",2293,0.199650959860384,8,NA,NA,934,"Very happy",NA,0.708800119592632,NA,NA,NA,NA,NA,NA,NA,NA,NA
"DAS_16_8wPP","ordered, factor",2293,0.199650959860384,6,NA,NA,1837,"Never",NA,0.332060125728221,NA,NA,NA,NA,NA,NA,NA,NA,NA
"DAS_17_8wPP","ordered, factor",2293,0.199650959860384,7,NA,NA,1008,"Never",NA,0.639910351172124,NA,NA,NA,NA,NA,NA,NA,NA,NA
"DAS_20_8wPP","ordered, factor",2293,0.199650959860384,7,NA,NA,1840,"Never",NA,0.33080676147223,NA,NA,NA,NA,NA,NA,NA,NA,NA
"DAS_21_8wPP","ordered, factor",2293,0.199650959860384,6,NA,NA,1187,"Rarely",NA,0.584940723858749,NA,NA,NA,NA,NA,NA,NA,NA,NA
"DAS_22_8wPP","ordered, factor",2293,0.199650959860384,7,NA,NA,1085,"Rarely",NA,0.605149368116125,NA,NA,NA,NA,NA,NA,NA,NA,NA
"DAS_31_6mPP","ordered, factor",1345,0.530541012216405,8,NA,NA,1520,NA,NA,0.712656817899145,NA,NA,NA,NA,NA,NA,NA,NA,NA
"DAS_18_6mPP","ordered, factor",1345,0.530541012216405,7,NA,NA,1520,NA,NA,0.587329638893879,NA,NA,NA,NA,NA,NA,NA,NA,NA
"DAS_19_6mPP","ordered, factor",1345,0.530541012216405,6,NA,NA,1520,NA,NA,0.511860256215365,NA,NA,NA,NA,NA,NA,NA,NA,NA
"DAS_23_6mPP","ordered, factor",1345,0.530541012216405,6,NA,NA,1520,NA,NA,0.325521206174597,NA,NA,NA,NA,NA,NA,NA,NA,NA
"DAS_16_6mPP","ordered, factor",1345,0.530541012216405,6,NA,NA,1520,NA,NA,0.386554083000511,NA,NA,NA,NA,NA,NA,NA,NA,NA
"DAS_17_6mPP","ordered, factor",1345,0.530541012216405,7,NA,NA,1520,NA,NA,0.614552037699866,NA,NA,NA,NA,NA,NA,NA,NA,NA
"DAS_20_6mPP","ordered, factor",1345,0.530541012216405,7,NA,NA,1520,NA,NA,0.381486159671646,NA,NA,NA,NA,NA,NA,NA,NA,NA
"DAS_21_6mPP","ordered, factor",1345,0.530541012216405,7,NA,NA,1520,NA,NA,0.574697419880875,NA,NA,NA,NA,NA,NA,NA,NA,NA
"DAS_22_6mPP","ordered, factor",1345,0.530541012216405,7,NA,NA,1520,NA,NA,0.58484100551402,NA,NA,NA,NA,NA,NA,NA,NA,NA
"DAS_31_1yPP","ordered, factor",1136,0.603490401396161,8,NA,NA,1729,NA,NA,0.704547708787939,NA,NA,NA,NA,NA,NA,NA,NA,NA
"DAS_18_1yPP","ordered, factor",1136,0.603490401396161,7,NA,NA,1729,NA,NA,0.599416038484428,NA,NA,NA,NA,NA,NA,NA,NA,NA
"DAS_19_1yPP","ordered, factor",1136,0.603490401396161,6,NA,NA,1729,NA,NA,0.50834562834755,NA,NA,NA,NA,NA,NA,NA,NA,NA
"DAS_23_1yPP","ordered, factor",1136,0.603490401396161,6,NA,NA,1729,NA,NA,0.340352856576076,NA,NA,NA,NA,NA,NA,NA,NA,NA
"DAS_16_1yPP","ordered, factor",1136,0.603490401396161,7,NA,NA,1729,NA,NA,0.407534777325927,NA,NA,NA,NA,NA,NA,NA,NA,NA
"DAS_17_1yPP","ordered, factor",1136,0.603490401396161,7,NA,NA,1729,NA,NA,0.635036451100972,NA,NA,NA,NA,NA,NA,NA,NA,NA
"DAS_20_1yPP","ordered, factor",1136,0.603490401396161,7,NA,NA,1729,NA,NA,0.409566554255108,NA,NA,NA,NA,NA,NA,NA,NA,NA
"DAS_21_1yPP","ordered, factor",1136,0.603490401396161,7,NA,NA,1729,NA,NA,0.573965359055743,NA,NA,NA,NA,NA,NA,NA,NA,NA
"DAS_22_1yPP","ordered, factor",1136,0.603490401396161,7,NA,NA,1729,NA,NA,0.587876289426701,NA,NA,NA,NA,NA,NA,NA,NA,NA
"DAS_31_1y6mPP","ordered, factor",1072,0.625828970331588,8,NA,NA,1793,NA,NA,0.701013936845623,NA,NA,NA,NA,NA,NA,NA,NA,NA
"DAS_18_1y6mPP","ordered, factor",1072,0.625828970331588,7,NA,NA,1793,NA,NA,0.605976066495879,NA,NA,NA,NA,NA,NA,NA,NA,NA
"DAS_19_1y6mPP","ordered, factor",1072,0.625828970331588,7,NA,NA,1793,NA,NA,0.523223435063489,NA,NA,NA,NA,NA,NA,NA,NA,NA
"DAS_23_1y6mPP","ordered, factor",1041,0.636649214659686,6,NA,NA,1824,NA,NA,0.353388128056135,NA,NA,NA,NA,NA,NA,NA,NA,NA
"DAS_16_1y6mPP","ordered, factor",1072,0.625828970331588,6,NA,NA,1793,NA,NA,0.414269603475162,NA,NA,NA,NA,NA,NA,NA,NA,NA
"DAS_17_1y6mPP","ordered, factor",1072,0.625828970331588,6,NA,NA,1793,NA,NA,0.629392682111829,NA,NA,NA,NA,NA,NA,NA,NA,NA
"DAS_20_1y6mPP","ordered, factor",1072,0.625828970331588,7,NA,NA,1793,NA,NA,0.409896065382045,NA,NA,NA,NA,NA,NA,NA,NA,NA
"DAS_21_1y6mPP","ordered, factor",1072,0.625828970331588,6,NA,NA,1793,NA,NA,0.571307988973045,NA,NA,NA,NA,NA,NA,NA,NA,NA
"DAS_22_1y6mPP","ordered, factor",1072,0.625828970331588,7,NA,NA,1793,NA,NA,0.588041601693027,NA,NA,NA,NA,NA,NA,NA,NA,NA
"DAS_31_2yPP","ordered, factor",1030,0.640488656195462,8,NA,NA,1835,NA,NA,0.703936280516543,NA,NA,NA,NA,NA,NA,NA,NA,NA
"DAS_18_2yPP","ordered, factor",1030,0.640488656195462,7,NA,NA,1835,NA,NA,0.605482137807522,NA,NA,NA,NA,NA,NA,NA,NA,NA
"DAS_19_2yPP","ordered, factor",1030,0.640488656195462,6,NA,NA,1835,NA,NA,0.543923084173815,NA,NA,NA,NA,NA,NA,NA,NA,NA
"DAS_23_2yPP","ordered, factor",1012,0.646771378708552,6,NA,NA,1853,NA,NA,0.369444140667719,NA,NA,NA,NA,NA,NA,NA,NA,NA
"DAS_16_2yPP","ordered, factor",1030,0.640488656195462,6,NA,NA,1835,NA,NA,0.426741445942125,NA,NA,NA,NA,NA,NA,NA,NA,NA
"DAS_17_2yPP","ordered, factor",1030,0.640488656195462,7,NA,NA,1835,NA,NA,0.641187670845509,NA,NA,NA,NA,NA,NA,NA,NA,NA
"DAS_20_2yPP","ordered, factor",1030,0.640488656195462,6,NA,NA,1835,NA,NA,0.423885380337449,NA,NA,NA,NA,NA,NA,NA,NA,NA
"DAS_21_2yPP","ordered, factor",1030,0.640488656195462,7,NA,NA,1835,NA,NA,0.569327929116788,NA,NA,NA,NA,NA,NA,NA,NA,NA
"DAS_22_2yPP","ordered, factor",1030,0.640488656195462,7,NA,NA,1835,NA,NA,0.578495616929023,NA,NA,NA,NA,NA,NA,NA,NA,NA
"DAS_31_2y6mPP","ordered, factor",905,0.684118673647469,8,NA,NA,1960,NA,NA,0.68388877018406,NA,NA,NA,NA,NA,NA,NA,NA,NA
"DAS_18_2y6mPP","ordered, factor",905,0.684118673647469,7,NA,NA,1960,NA,NA,0.602352797533653,NA,NA,NA,NA,NA,NA,NA,NA,NA
"DAS_19_2y6mPP","ordered, factor",905,0.684118673647469,6,NA,NA,1960,NA,NA,0.545866121302768,NA,NA,NA,NA,NA,NA,NA,NA,NA
"DAS_23_2y6mPP","ordered, factor",905,0.684118673647469,6,NA,NA,1960,NA,NA,0.388903879612954,NA,NA,NA,NA,NA,NA,NA,NA,NA
"DAS_16_2y6mPP","ordered, factor",905,0.684118673647469,6,NA,NA,1960,NA,NA,0.438260126369769,NA,NA,NA,NA,NA,NA,NA,NA,NA
"DAS_17_2y6mPP","ordered, factor",905,0.684118673647469,7,NA,NA,1960,NA,NA,0.644576172888495,NA,NA,NA,NA,NA,NA,NA,NA,NA
"DAS_20_2y6mPP","ordered, factor",905,0.684118673647469,6,NA,NA,1960,NA,NA,0.410976465919844,NA,NA,NA,NA,NA,NA,NA,NA,NA
"DAS_21_2y6mPP","ordered, factor",905,0.684118673647469,6,NA,NA,1960,NA,NA,0.578402368670065,NA,NA,NA,NA,NA,NA,NA,NA,NA
"DAS_22_2y6mPP","ordered, factor",905,0.684118673647469,7,NA,NA,1960,NA,NA,0.576414639357773,NA,NA,NA,NA,NA,NA,NA,NA,NA
"DAS_31_3yPP","ordered, factor",607,0.788132635253054,8,NA,NA,2258,NA,NA,0.701329084893703,NA,NA,NA,NA,NA,NA,NA,NA,NA
"DAS_18_3yPP","ordered, factor",607,0.788132635253054,7,NA,NA,2258,NA,NA,0.624178651590858,NA,NA,NA,NA,NA,NA,NA,NA,NA
"DAS_19_3yPP","ordered, factor",607,0.788132635253054,6,NA,NA,2258,NA,NA,0.567253541195661,NA,NA,NA,NA,NA,NA,NA,NA,NA
"DAS_23_3yPP","ordered, factor",607,0.788132635253054,6,NA,NA,2258,NA,NA,0.406873135766415,NA,NA,NA,NA,NA,NA,NA,NA,NA
"DAS_16_3yPP","ordered, factor",607,0.788132635253054,6,NA,NA,2258,NA,NA,0.476880110951584,NA,NA,NA,NA,NA,NA,NA,NA,NA
"DAS_17_3yPP","ordered, factor",607,0.788132635253054,6,NA,NA,2258,NA,NA,0.656411063675027,NA,NA,NA,NA,NA,NA,NA,NA,NA
"DAS_20_3yPP","ordered, factor",607,0.788132635253054,6,NA,NA,2258,NA,NA,0.466593748388515,NA,NA,NA,NA,NA,NA,NA,NA,NA
"DAS_21_3yPP","ordered, factor",607,0.788132635253054,6,NA,NA,2258,NA,NA,0.566325325893136,NA,NA,NA,NA,NA,NA,NA,NA,NA
"DAS_22_3yPP","ordered, factor",607,0.788132635253054,7,NA,NA,2258,NA,NA,0.579000078708315,NA,NA,NA,NA,NA,NA,NA,NA,NA
"DAS_31_3y6mPP","ordered, factor",521,0.818150087260035,8,NA,NA,2344,NA,NA,0.684067624271941,NA,NA,NA,NA,NA,NA,NA,NA,NA
"DAS_18_3y6mPP","ordered, factor",521,0.818150087260035,7,NA,NA,2344,NA,NA,0.599902004487163,NA,NA,NA,NA,NA,NA,NA,NA,NA
"DAS_19_3y6mPP","ordered, factor",521,0.818150087260035,7,NA,NA,2344,NA,NA,0.567128768314293,NA,NA,NA,NA,NA,NA,NA,NA,NA
"DAS_23_3y6mPP","ordered, factor",521,0.818150087260035,5,NA,NA,2344,NA,NA,0.414019989611002,NA,NA,NA,NA,NA,NA,NA,NA,NA
"DAS_16_3y6mPP","ordered, factor",521,0.818150087260035,6,NA,NA,2344,NA,NA,0.467689111077545,NA,NA,NA,NA,NA,NA,NA,NA,NA
"DAS_17_3y6mPP","ordered, factor",521,0.818150087260035,7,NA,NA,2344,NA,NA,0.639424405303547,NA,NA,NA,NA,NA,NA,NA,NA,NA
"DAS_20_3y6mPP","ordered, factor",521,0.818150087260035,7,NA,NA,2344,NA,NA,0.465721832737133,NA,NA,NA,NA,NA,NA,NA,NA,NA
"DAS_21_3y6mPP","ordered, factor",521,0.818150087260035,6,NA,NA,2344,NA,NA,0.570282308125891,NA,NA,NA,NA,NA,NA,NA,NA,NA
"DAS_22_3y6mPP","ordered, factor",521,0.818150087260035,6,NA,NA,2344,NA,NA,0.570157050703468,NA,NA,NA,NA,NA,NA,NA,NA,NA
"DAS_31_4yPP","ordered, factor",344,0.879930191972077,8,NA,NA,2521,NA,NA,0.703353163872363,NA,NA,NA,NA,NA,NA,NA,NA,NA
"DAS_18_4yPP","ordered, factor",344,0.879930191972077,7,NA,NA,2521,NA,NA,0.612831260140617,NA,NA,NA,NA,NA,NA,NA,NA,NA
"DAS_19_4yPP","ordered, factor",344,0.879930191972077,7,NA,NA,2521,NA,NA,0.564392915089237,NA,NA,NA,NA,NA,NA,NA,NA,NA
"DAS_23_4yPP","ordered, factor",344,0.879930191972077,6,NA,NA,2521,NA,NA,0.437128177393185,NA,NA,NA,NA,NA,NA,NA,NA,NA
"DAS_16_4yPP","ordered, factor",344,0.879930191972077,5,NA,NA,2521,NA,NA,0.496028258518118,NA,NA,NA,NA,NA,NA,NA,NA,NA
"DAS_17_4yPP","ordered, factor",344,0.879930191972077,6,NA,NA,2521,NA,NA,0.648492428339643,NA,NA,NA,NA,NA,NA,NA,NA,NA
"DAS_20_4yPP","ordered, factor",344,0.879930191972077,5,NA,NA,2521,NA,NA,0.469223228772309,NA,NA,NA,NA,NA,NA,NA,NA,NA
"DAS_21_4yPP","ordered, factor",344,0.879930191972077,6,NA,NA,2521,NA,NA,0.563463358572201,NA,NA,NA,NA,NA,NA,NA,NA,NA
"DAS_22_4yPP","ordered, factor",344,0.879930191972077,6,NA,NA,2521,NA,NA,0.561435235262304,NA,NA,NA,NA,NA,NA,NA,NA,NA
"PRS_1_8wPP","ordered, factor",2292,0.2,6,NA,NA,961,"Very true",NA,0.666255874443013,NA,NA,NA,NA,NA,NA,NA,NA,NA
"PRS_2_8wPP","ordered, factor",2292,0.2,6,NA,NA,1171,"Completely true",NA,0.590930134103293,NA,NA,NA,NA,NA,NA,NA,NA,NA
"PRS_3_8wPP","ordered, factor",2292,0.2,6,NA,NA,1063,"Very true",NA,0.646714119069592,NA,NA,NA,NA,NA,NA,NA,NA,NA
"PRS_4_8wPP","ordered, factor",2292,0.2,6,NA,NA,1000,"Very true",NA,0.663076517761148,NA,NA,NA,NA,NA,NA,NA,NA,NA
"PRS_5_8wPP","ordered, factor",2292,0.2,6,NA,NA,1001,"Very true",NA,0.659854520922611,NA,NA,NA,NA,NA,NA,NA,NA,NA
"PRS_1_6mPP","ordered, factor",1345,0.530541012216405,6,NA,NA,1520,NA,NA,0.631641906551872,NA,NA,NA,NA,NA,NA,NA,NA,NA
"PRS_2_6mPP","ordered, factor",1345,0.530541012216405,6,NA,NA,1520,NA,NA,0.584427523113279,NA,NA,NA,NA,NA,NA,NA,NA,NA
"PRS_3_6mPP","ordered, factor",1345,0.530541012216405,6,NA,NA,1520,NA,NA,0.630028882961816,NA,NA,NA,NA,NA,NA,NA,NA,NA
"PRS_4_6mPP","ordered, factor",1345,0.530541012216405,6,NA,NA,1520,NA,NA,0.644080651179503,NA,NA,NA,NA,NA,NA,NA,NA,NA
"PRS_5_6mPP","ordered, factor",1345,0.530541012216405,6,NA,NA,1520,NA,NA,0.621460731609569,NA,NA,NA,NA,NA,NA,NA,NA,NA
"PRS_1_1yPP","ordered, factor",1136,0.603490401396161,6,NA,NA,1729,NA,NA,0.619707461317199,NA,NA,NA,NA,NA,NA,NA,NA,NA
"PRS_2_1yPP","ordered, factor",1136,0.603490401396161,6,NA,NA,1729,NA,NA,0.595880963598492,NA,NA,NA,NA,NA,NA,NA,NA,NA
"PRS_3_1yPP","ordered, factor",1136,0.603490401396161,6,NA,NA,1729,NA,NA,0.608734936024598,NA,NA,NA,NA,NA,NA,NA,NA,NA
"PRS_4_1yPP","ordered, factor",1136,0.603490401396161,6,NA,NA,1729,NA,NA,0.635921382166237,NA,NA,NA,NA,NA,NA,NA,NA,NA
"PRS_5_1yPP","ordered, factor",1136,0.603490401396161,6,NA,NA,1729,NA,NA,0.636206543840508,NA,NA,NA,NA,NA,NA,NA,NA,NA
"PRS_1_1y6mPP","ordered, factor",1041,0.636649214659686,6,NA,NA,1824,NA,NA,0.624661685496009,NA,NA,NA,NA,NA,NA,NA,NA,NA
"PRS_2_1y6mPP","ordered, factor",1041,0.636649214659686,6,NA,NA,1824,NA,NA,0.588675080581832,NA,NA,NA,NA,NA,NA,NA,NA,NA
"PRS_3_1y6mPP","ordered, factor",1041,0.636649214659686,6,NA,NA,1824,NA,NA,0.631099004227259,NA,NA,NA,NA,NA,NA,NA,NA,NA
"PRS_4_1y6mPP","ordered, factor",1041,0.636649214659686,6,NA,NA,1824,NA,NA,0.646882246712824,NA,NA,NA,NA,NA,NA,NA,NA,NA
"PRS_5_1y6mPP","ordered, factor",1041,0.636649214659686,6,NA,NA,1824,NA,NA,0.63007287199831,NA,NA,NA,NA,NA,NA,NA,NA,NA
"PRS_1_2yPP","ordered, factor",1012,0.646771378708552,6,NA,NA,1853,NA,NA,0.632504804011936,NA,NA,NA,NA,NA,NA,NA,NA,NA
"PRS_2_2yPP","ordered, factor",1012,0.646771378708552,6,NA,NA,1853,NA,NA,0.609121373556843,NA,NA,NA,NA,NA,NA,NA,NA,NA
"PRS_3_2yPP","ordered, factor",1012,0.646771378708552,6,NA,NA,1853,NA,NA,0.636580402755862,NA,NA,NA,NA,NA,NA,NA,NA,NA
"PRS_4_2yPP","ordered, factor",1012,0.646771378708552,6,NA,NA,1853,NA,NA,0.650291365276758,NA,NA,NA,NA,NA,NA,NA,NA,NA
"PRS_5_2yPP","ordered, factor",1012,0.646771378708552,6,NA,NA,1853,NA,NA,0.655077801559156,NA,NA,NA,NA,NA,NA,NA,NA,NA
"PRS_1_2y6mPP","ordered, factor",905,0.684118673647469,6,NA,NA,1960,NA,NA,0.615761423643967,NA,NA,NA,NA,NA,NA,NA,NA,NA
"PRS_2_2y6mPP","ordered, factor",905,0.684118673647469,6,NA,NA,1960,NA,NA,0.606015689386771,NA,NA,NA,NA,NA,NA,NA,NA,NA
"PRS_3_2y6mPP","ordered, factor",905,0.684118673647469,6,NA,NA,1960,NA,NA,0.61766856933549,NA,NA,NA,NA,NA,NA,NA,NA,NA
"PRS_4_2y6mPP","ordered, factor",905,0.684118673647469,6,NA,NA,1960,NA,NA,0.646146332529532,NA,NA,NA,NA,NA,NA,NA,NA,NA
"PRS_5_2y6mPP","ordered, factor",905,0.684118673647469,6,NA,NA,1960,NA,NA,0.633267604773969,NA,NA,NA,NA,NA,NA,NA,NA,NA
"PRS_1_3yPP","ordered, factor",607,0.788132635253054,6,NA,NA,2258,NA,NA,0.644946790464895,NA,NA,NA,NA,NA,NA,NA,NA,NA
"PRS_2_3yPP","ordered, factor",607,0.788132635253054,6,NA,NA,2258,NA,NA,0.620932612111853,NA,NA,NA,NA,NA,NA,NA,NA,NA
"PRS_3_3yPP","ordered, factor",607,0.788132635253054,6,NA,NA,2258,NA,NA,0.655379713338888,NA,NA,NA,NA,NA,NA,NA,NA,NA
"PRS_4_3yPP","ordered, factor",607,0.788132635253054,6,NA,NA,2258,NA,NA,0.661562387196057,NA,NA,NA,NA,NA,NA,NA,NA,NA
"PRS_5_3yPP","ordered, factor",607,0.788132635253054,6,NA,NA,2258,NA,NA,0.662821720238079,NA,NA,NA,NA,NA,NA,NA,NA,NA
"PRS_1_3y6mPP","ordered, factor",521,0.818150087260035,6,NA,NA,2344,NA,NA,0.630847955909387,NA,NA,NA,NA,NA,NA,NA,NA,NA
"PRS_2_3y6mPP","ordered, factor",521,0.818150087260035,6,NA,NA,2344,NA,NA,0.608758441060857,NA,NA,NA,NA,NA,NA,NA,NA,NA
"PRS_3_3y6mPP","ordered, factor",521,0.818150087260035,6,NA,NA,2344,NA,NA,0.642445319609049,NA,NA,NA,NA,NA,NA,NA,NA,NA
"PRS_4_3y6mPP","ordered, factor",521,0.818150087260035,6,NA,NA,2344,NA,NA,0.648826080068965,NA,NA,NA,NA,NA,NA,NA,NA,NA
"PRS_5_3y6mPP","ordered, factor",521,0.818150087260035,6,NA,NA,2344,NA,NA,0.644677848961653,NA,NA,NA,NA,NA,NA,NA,NA,NA
"PRS_1_4yPP","ordered, factor",344,0.879930191972077,6,NA,NA,2521,NA,NA,0.636712412114657,NA,NA,NA,NA,NA,NA,NA,NA,NA
"PRS_2_4yPP","ordered, factor",344,0.879930191972077,6,NA,NA,2521,NA,NA,0.635225121687399,NA,NA,NA,NA,NA,NA,NA,NA,NA
"PRS_3_4yPP","ordered, factor",344,0.879930191972077,6,NA,NA,2521,NA,NA,0.641089778258518,NA,NA,NA,NA,NA,NA,NA,NA,NA
"PRS_4_4yPP","ordered, factor",344,0.879930191972077,5,NA,NA,2521,NA,NA,0.665917387777177,NA,NA,NA,NA,NA,NA,NA,NA,NA
"PRS_5_4yPP","ordered, factor",344,0.879930191972077,6,NA,NA,2521,NA,NA,0.645923472147107,NA,NA,NA,NA,NA,NA,NA,NA,NA
"MSPSS_3_20","ordered, factor",2084,0.27260034904014,8,NA,NA,1038,"Very strongly agree",NA,0.629887802505885,NA,NA,NA,NA,NA,NA,NA,NA,NA
"MSPSS_4_20","ordered, factor",2088,0.271204188481675,8,NA,NA,973,"Very strongly agree",NA,0.659165308788773,NA,NA,NA,NA,NA,NA,NA,NA,NA
"MSPSS_6_20","ordered, factor",2090,0.270506108202443,8,NA,NA,776,"Very strongly agree",NA,0.707300199171264,NA,NA,NA,NA,NA,NA,NA,NA,NA
"MSPSS_7_20","ordered, factor",2086,0.271902268760908,8,NA,NA,975,"Very strongly agree",NA,0.653299309003363,NA,NA,NA,NA,NA,NA,NA,NA,NA
"MSPSS_8_20","ordered, factor",2086,0.271902268760908,8,NA,NA,987,"Very strongly agree",NA,0.66414272569079,NA,NA,NA,NA,NA,NA,NA,NA,NA
"MSPSS_9_20","ordered, factor",2084,0.27260034904014,8,NA,NA,1163,"Very strongly agree",NA,0.594702900446137,NA,NA,NA,NA,NA,NA,NA,NA,NA
"MSPSS_11_20","ordered, factor",2089,0.270855148342059,8,NA,NA,1005,"Very strongly agree",NA,0.658401011384028,NA,NA,NA,NA,NA,NA,NA,NA,NA
"MSPSS_12_20","ordered, factor",2089,0.270855148342059,8,NA,NA,1080,"Very strongly agree",NA,0.619946603066371,NA,NA,NA,NA,NA,NA,NA,NA,NA
"TSS_1_20","ordered, factor",395,0.862129144851658,6,NA,NA,2470,NA,NA,0.527005287614164,NA,NA,NA,NA,NA,NA,NA,NA,NA
"TSS_2_20","ordered, factor",395,0.862129144851658,6,NA,NA,2470,NA,NA,0.600544784489665,NA,NA,NA,NA,NA,NA,NA,NA,NA
"TSS_3_20","ordered, factor",395,0.862129144851658,6,NA,NA,2470,NA,NA,0.490985419003365,NA,NA,NA,NA,NA,NA,NA,NA,NA
"TSS_4_20","ordered, factor",395,0.862129144851658,6,NA,NA,2470,NA,NA,0.482115045665759,NA,NA,NA,NA,NA,NA,NA,NA,NA
"TSS_5_20","ordered, factor",395,0.862129144851658,6,NA,NA,2470,NA,NA,0.622912994712386,NA,NA,NA,NA,NA,NA,NA,NA,NA
"TSS_6_20","ordered, factor",395,0.862129144851658,6,NA,NA,2470,NA,NA,0.575882070181061,NA,NA,NA,NA,NA,NA,NA,NA,NA
"Pregnancycourse_workoutclass_28","factor",1451,0.493542757417103,3,NA,NA,1414,NA,NA,0.339925743361953,NA,NA,NA,NA,NA,NA,NA,NA,NA
"Pregnancycourse_yoga_28","factor",1464,0.489005235602094,3,NA,NA,1401,NA,NA,0.34920048374093,NA,NA,NA,NA,NA,NA,NA,NA,NA
"Pregnancycourse_mindfulness_28","factor",1157,0.596160558464223,3,NA,NA,1708,NA,NA,0.0339745519549934,NA,NA,NA,NA,NA,NA,NA,NA,NA
"Pregnancycourse_pilates_28","factor",1230,0.570680628272251,3,NA,NA,1635,NA,NA,0.141164650670897,NA,NA,NA,NA,NA,NA,NA,NA,NA
"Pregnancycourse_prenatalswimming_28","factor",1252,0.563001745200698,3,NA,NA,1613,NA,NA,0.168134818156764,NA,NA,NA,NA,NA,NA,NA,NA,NA
"Pregnancycourse_birthingtogether_28","factor",1260,0.56020942408377,3,NA,NA,1605,NA,NA,0.177455278407659,NA,NA,NA,NA,NA,NA,NA,NA,NA
"Pregnancycourse_haptonomy_28","factor",1148,0.599301919720768,3,NA,NA,1717,NA,NA,0.0189801381587733,NA,NA,NA,NA,NA,NA,NA,NA,NA
"Pregnancycourse_hypnobirthing_28","factor",1203,0.580104712041885,3,NA,NA,1662,NA,NA,0.103705822724983,NA,NA,NA,NA,NA,NA,NA,NA,NA
"Pregnancycourse_other_28","factor",1377,0.519371727748691,3,NA,NA,1488,NA,NA,0.296258324196297,NA,NA,NA,NA,NA,NA,NA,NA,NA
"Lifeevent_12","factor",2752,0.0394415357766143,3,NA,NA,2501,"No",NA,0.165775577592618,NA,NA,NA,NA,NA,NA,NA,NA,NA
"Lifeevent_20","factor",2494,0.129493891797557,3,NA,NA,2226,"No",NA,0.191821397818276,NA,NA,NA,NA,NA,NA,NA,NA,NA
"Lifeevent_28","factor",2354,0.178359511343805,3,NA,NA,2158,"No",NA,0.15265976529763,NA,NA,NA,NA,NA,NA,NA,NA,NA
"Lifeevent_8wPP","factor",2350,0.179755671902269,3,NA,NA,1983,"No",NA,0.263562154821186,NA,NA,NA,NA,NA,NA,NA,NA,NA
"Lifeevent_6mPP","factor",1440,0.49738219895288,3,NA,NA,1425,NA,NA,0.2721875,NA,NA,NA,NA,NA,NA,NA,NA,NA
"Lifeevent_1yPP","factor",1199,0.581500872600349,3,NA,NA,1666,NA,NA,0.217654272638931,NA,NA,NA,NA,NA,NA,NA,NA,NA
"Lifeevent_1y6mPP","factor",1198,0.581849912739965,3,NA,NA,1667,NA,NA,0.24829362237006,NA,NA,NA,NA,NA,NA,NA,NA,NA
"Lifeevent_2yPP","factor",1144,0.600698080279232,3,NA,NA,1721,NA,NA,0.279329062545846,NA,NA,NA,NA,NA,NA,NA,NA,NA
"Lifeevent_2y6mPP","factor",985,0.656195462478185,3,NA,NA,1880,NA,NA,0.299979901569223,NA,NA,NA,NA,NA,NA,NA,NA,NA
"Lifeevent_3yPP","factor",780,0.727748691099476,3,NA,NA,2085,NA,NA,0.281183431952663,NA,NA,NA,NA,NA,NA,NA,NA,NA
"Lifeevent_3y6mPP","factor",570,0.801047120418848,3,NA,NA,2295,NA,NA,0.32,NA,NA,NA,NA,NA,NA,NA,NA,NA
"Lifeevent_4yPP","factor",375,0.869109947643979,3,NA,NA,2490,NA,NA,0.272412444444444,NA,NA,NA,NA,NA,NA,NA,NA,NA
"Lifeevent_4y6mPP","factor",294,0.89738219895288,3,NA,NA,2571,NA,NA,0.25926697209496,NA,NA,NA,NA,NA,NA,NA,NA,NA
"Lengthbaby_healthcentre_8wPP","numeric",2182,0.238394415357766,119,53.5820119156737,54,54,NA,2.94887481301879,NA,33.5,75,41.5,-1.07154934896715,-10.224267071355,7.00469048036969,33.4331478229492,NA,NA
"Lengthbaby_8wPP","numeric",783,0.726701570680628,31,50.1434227330779,50,50,NA,2.69848485172351,NA,38,60,22,-0.401145342250678,-2.29565539986439,1.55312586102868,4.44969865682564,NA,NA
"Medicationbaby_8wPP","factor",2395,0.164048865619546,3,NA,NA,1718,"No",NA,0.405537284094822,NA,NA,NA,NA,NA,NA,NA,NA,NA
"Weightbaby_8wPP","numeric",2390,0.165794066317627,503,3425.06485355649,3440,3440,NA,530.864429655817,NA,302,5360,5058,-0.624481519224915,-6.23570042773261,2.68200644249129,13.3960444188858,NA,NA
"Weightbaby_healthcentre_8wPP","numeric",2290,0.200698080279232,533,4119.34454148472,4120,4120,NA,656.777693007812,NA,2115,8700,6585,0.221973117945821,2.16968509759242,0.990477503656674,4.84283787527829,NA,NA
"Breastfeeding_8wPP","numeric",1262,0.559511343804537,29,2.65995019243831,2,2,NA,1.83481683753691,NA,0,18,18,2.70444446589513,19.6343910720666,9.95278339692307,36.157290610947,NA,NA
"Weeksbreastfeedingencoding_8wPP","ordered, factor",1033,0.639441535776614,15,NA,NA,1832,NA,NA,0.552952940195241,NA,NA,NA,NA,NA,NA,NA,NA,NA
"Genderbaby_8wPP","factor",2354,0.178359511343805,3,NA,NA,1198,"boy",NA,0.499840832033401,NA,NA,NA,NA,NA,NA,NA,NA,NA
"Dateofbirth_baby_8wPP","Date",2708,0.0547993019197208,60,NA,NA,157,NA,NA,0.977894700095346,NA,NA,NA,NA,NA,NA,NA,NA,NA
"Comforting_8wPP","ordered, factor",2377,0.170331588132635,6,NA,NA,993,"Very often",NA,0.673153126238357,NA,NA,NA,NA,NA,NA,NA,NA,NA
"Cryhour_8wPP","factor",2377,0.170331588132635,3,NA,NA,1333,"No",NA,0.492608929813815,NA,NA,NA,NA,NA,NA,NA,NA,NA
"Dailycrying_CAT_8wPP","numeric",2320,0.19022687609075,6,0.65948275862069,1,1,NA,0.807733048464035,NA,0,4,4,1.47813779637191,14.5423243038581,2.94575473577432,14.4967965222167,NA,NA
"Dayscrying_8wPP","ordered, factor",538,0.812216404886562,6,NA,NA,2327,NA,NA,0.728735092107627,NA,NA,NA,NA,NA,NA,NA,NA,NA
"Frequencycrying_8wPP","ordered, factor",2378,0.169982547993019,6,NA,NA,1278,"Sometimes",NA,0.627074578364472,NA,NA,NA,NA,NA,NA,NA,NA,NA
"Hourscrying_8wPP","factor",2377,0.170331588132635,3,NA,NA,1956,"No",NA,0.29148927396171,NA,NA,NA,NA,NA,NA,NA,NA,NA
"Complicaties_zwangerschap_OBS","factor",2744,0.0422338568935428,3,NA,NA,1399,"No",NA,0.499806362570018,NA,NA,NA,NA,NA,NA,NA,NA,NA
"Verdenking_intra_uteriene_groeivertraging_OBS","factor",2733,0.0460732984293194,3,NA,NA,2532,"No",NA,0.136273211546641,NA,NA,NA,NA,NA,NA,NA,NA,NA
"Verwijzing_zwangerschap_OBS","integer",2743,0.0425828970331588,4,0.539919795843966,1,1,NA,1.78037141798537,NA,0,90,90,46.2469808495819,494.684125183495,2321.07464226218,12418.2833784175,NA,NA
"Graviditeit_OBS","numeric",2772,0.0324607329842932,10,1.97330447330447,2,2,NA,1.10051077853176,NA,0,8,8,1.42984881174298,15.375028699993,2.71264054301874,14.589630370711,NA,NA
"Mater_voor_partus_OBS","numeric",2772,0.0324607329842932,6,0.690836940836941,1,1,NA,0.77446789879963,NA,0,4,4,0.963327212957716,10.3585661820108,0.560272273394365,3.01336105766715,NA,NA
"Pariteit_OBS","numeric",2772,0.0324607329842932,6,0.697330447330447,1,1,NA,0.779811173071962,NA,0,4,4,0.972161425517153,10.4535596320369,0.610188666415727,3.28183073216754,NA,NA
"OVG_diabetes_gravidarum_OBS","factor",2247,0.215706806282723,3,NA,NA,2169,"No",NA,0.0670159233227747,NA,NA,NA,NA,NA,NA,NA,NA,NA
"OVG_pre_eclampsie_OBS","factor",2291,0.200349040139616,3,NA,NA,2233,"No",NA,0.0493510655343696,NA,NA,NA,NA,NA,NA,NA,NA,NA
"OVG_vroeggeboorte_OBS","factor",2364,0.174869109947644,3,NA,NA,2284,"No",NA,0.0653914756313685,NA,NA,NA,NA,NA,NA,NA,NA,NA
"HG_pre_existente_aandoening_en_OBS","factor",2790,0.0261780104712042,3,NA,NA,2555,"Yes",NA,0.154269600853021,NA,NA,NA,NA,NA,NA,NA,NA,NA
"BMI_Start_gewicht_OBS","numeric",2718,0.0513089005235602,1334,24.5481566343973,23.5129145408163,23.5129145408163,NA,5.28843525484543,NA,16.1353938828929,172.839506172839,156.704112289947,8.84421239103452,94.1711241382781,226.901198271517,1208.43890754271,NA,NA
"Para_voor_huidige_partus_OBS","numeric",2750,0.0401396160558464,6,0.802545454545455,1,1,NA,0.834370389905572,NA,0,4,4,0.856291019137644,9.17104483300232,0.266379151350862,1.42700379766018,NA,NA
"Type_partus_OBS","factor",2701,0.0572425828970332,3,NA,NA,1709,"Spontaan",NA,0.464766227380784,NA,NA,NA,NA,NA,NA,NA,NA,NA
"Complicaties_na_bevalling_OBS","integer",2699,0.0579406631762653,5,0.300111152278622,0,0,NA,0.464016518429258,NA,0,4,4,1.03849989541178,11.0190321190749,0.228965227137462,1.21516977907892,NA,NA
"Kind_geslacht_OBS","factor",2734,0.0457242582897033,3,NA,NA,1380,"Jongen",NA,0.499954781132655,NA,NA,NA,NA,NA,NA,NA,NA,NA
"Kind_gewicht_percentiel_OBS","numeric",2607,0.0900523560209424,108,49.884388185654,49,49,NA,42.7300858393714,NA,0,999,999,12.5299615570981,130.666514767328,275.894542556757,1439.10923483302,NA,NA
"Kind_apgar_1_minuut_OBS","numeric",2727,0.0481675392670157,13,12.2009534286762,9,9,NA,191.318556663528,NA,0,9999,9999,52.1581771125744,556.285895930049,2719.64942014951,14508.3279299796,NA,NA
"Kind_apgar_5_minuten_OBS","numeric",2728,0.0478184991273997,12,9.5274926686217,10,10,NA,1.22795008221833,NA,0,19,19,-4.18174754496753,-44.6080235588299,30.1979831626237,161.124597754106,NA,NA
"Kind_apgar_10_minuten_OBS","numeric",2717,0.0516579406631763,12,9.77401545822598,10,10,NA,1.02639062807999,NA,0,20,20,-5.69767921196462,-60.6564189111052,64.4920234407157,343.410961026138,NA,NA
